{
  "config": {
    "seed": 125,
    "n_envs": 2,
    "grid_size": 6,
    "gamma": 0.99,
    "n_jobs": null,
    "random_trials": 10,
    "pairwise_total_budget": 10000
  },
  "scot": {
    "selected_mdps": [
      0,
      1
    ],
    "activated_envs": [
      0,
      1
    ],
    "num_selected_atoms": 7,
    "waste": 0.0,
    "coverage": {
      "universe_size": 7,
      "covered_by_selected": 7,
      "covered_by_all_envs": 7,
      "coverage_frac_selected": 1.0,
      "coverage_frac_all_envs": 1.0
    }
  },
  "reward_learning": {
    "true_w": [
      -0.12038367224189547,
      -0.9630693779351638,
      -0.24076734448379095,
      -0.006019183612094773
    ],
    "w_map": [
      -0.10359466316598546,
      0.33120459908411926,
      -0.927422887227066,
      -0.13949353947931312
    ],
    "w_mean": [
      -0.12350730282058775,
      -0.027515856339323595,
      -0.9736290525659463,
      -0.18982963888559432
    ],
    "accept_rate": 0.0246,
    "cos_true_map": -0.08236911823464653,
    "cos_true_mean": 0.27692864226034214
  },
  "regret": {
    "scot_birl_per_env": [
      0.034724783544386795,
      0.11347845248903443
    ],
    "scot_birl_mean": 0.07410161801671061,
    "random_atom_trials": [
      [
        0.7862851682011772,
        0.5968250327367863
      ],
      [
        0.01401879191878086,
        0.003551649971419213
      ],
      [
        0.7862851682011772,
        0.719207775533939
      ],
      [
        0.034724783544386795,
        0.003551649971419213
      ],
      [
        0.034724783544386795,
        0.35756491927694123
      ],
      [
        0.034724783544386795,
        0.003551649971419213
      ],
      [
        0.034724783544386795,
        0.003551649971419213
      ],
      [
        0.034724783544386795,
        0.003551649971419213
      ],
      [
        0.20941988026306613,
        0.29586310050525366
      ],
      [
        0.034724783544386795,
        0.003551649971419213
      ]
    ],
    "random_atom_mean": 0.1997564218865979,
    "random_mdp_scot_trials": [
      [
        0.024430410282268555,
        0.16681358552624803
      ],
      [
        0.024430410282268555,
        0.16681358552624803
      ],
      [
        0.024430410282268555,
        0.16681358552624803
      ],
      [
        0.024430410282268555,
        0.16681358552624803
      ],
      [
        0.024430410282268555,
        0.16681358552624803
      ],
      [
        0.024430410282268555,
        0.16681358552624803
      ],
      [
        0.024430410282268555,
        0.16681358552624803
      ],
      [
        0.024430410282268555,
        0.16681358552624803
      ],
      [
        0.024430410282268555,
        0.16681358552624803
      ],
      [
        0.024430410282268555,
        0.16681358552624803
      ]
    ],
    "random_mdp_scot_mean": 0.0956219979042583
  }
}