{
  "two_stage_regret": [
    0.7862851682011772,
    0.719207775533939,
    0.7703433391609362
  ],
  "random_regret": [
    [
      0.01401879191878086,
      0.003551649971419213,
      0.0
    ],
    [
      0.01401879191878086,
      0.003551649971419213,
      0.0
    ],
    [
      0.01401879191878086,
      0.003551649971419213,
      0.0
    ],
    [
      0.01401879191878086,
      0.003551649971419213,
      0.0
    ],
    [
      0.01401879191878086,
      0.003551649971419213,
      0.0
    ],
    [
      0.01401879191878086,
      0.003551649971419213,
      0.0
    ],
    [
      0.01401879191878086,
      0.003551649971419213,
      0.0
    ],
    [
      0.01401879191878086,
      0.003551649971419213,
      0.0
    ],
    [
      0.01401879191878086,
      0.003551649971419213,
      0.0
    ],
    [
      0.01401879191878086,
      0.003551649971419213,
      0.0
    ]
  ],
  "random_mdp_scot_regret": [
    [
      0.01401879191878086,
      0.003551649971419213,
      0.0
    ],
    [
      0.01401879191878086,
      0.003551649971419213,
      0.0
    ],
    [
      0.01401879191878086,
      0.003551649971419213,
      0.0
    ],
    [
      0.01401879191878086,
      0.003551649971419213,
      0.0
    ],
    [
      0.01401879191878086,
      0.003551649971419213,
      0.0
    ],
    [
      0.01401879191878086,
      0.003551649971419213,
      0.0
    ],
    [
      0.01401879191878086,
      0.003551649971419213,
      0.0
    ],
    [
      0.01401879191878086,
      0.003551649971419213,
      0.0
    ],
    [
      0.01401879191878086,
      0.003551649971419213,
      0.0
    ],
    [
      0.01401879191878086,
      0.003551649971419213,
      0.0
    ]
  ],
  "two_stage_mean": 0.7586120942986841,
  "random_mean": 0.0058568139634000245,
  "random_mdp_scot_mean": 0.0058568139634000245,
  "num_atoms_selected": 8,
  "num_envs_used": 3,
  "used_envs": [
    0,
    2,
    1
  ],
  "U_demo_unique": 8,
  "U_atoms_unique": 8,
  "U_union_unique": 8,
  "atom_implied_unique": 0,
  "config": {
    "seed": 125,
    "n_envs": 3,
    "grid_size": 6,
    "gamma": 0.99,
    "feedback": [
      "demo"
    ],
    "state_fraction": 1.0,
    "total_budget": 0,
    "random_trials": 10,
    "alloc_method": "uniform",
    "alloc_alpha": 0.0,
    "birl": {
      "beta": 1.0,
      "samples": 5,
      "stepsize": 0.6
    }
  },
  "two_stage_constraints": {
    "unique_constraints": 8,
    "coverage": 1.0
  },
  "random_constraints": {
    "mdp_counts": [
      3,
      3,
      3,
      3,
      3,
      3,
      3,
      3,
      3,
      3
    ],
    "constraint_counts": [
      8,
      8,
      8,
      8,
      8,
      8,
      8,
      8,
      8,
      6
    ],
    "coverages": [
      1.0,
      1.0,
      1.0,
      1.0,
      1.0,
      1.0,
      1.0,
      1.0,
      1.0,
      0.75
    ],
    "mean_mdp_count": 3.0,
    "mean_unique_constraints": 7.8,
    "mean_coverage": 0.975
  },
  "random_mdp_scot": {
    "regret": [
      [
        0.01401879191878086,
        0.003551649971419213,
        0.0
      ],
      [
        0.01401879191878086,
        0.003551649971419213,
        0.0
      ],
      [
        0.01401879191878086,
        0.003551649971419213,
        0.0
      ],
      [
        0.01401879191878086,
        0.003551649971419213,
        0.0
      ],
      [
        0.01401879191878086,
        0.003551649971419213,
        0.0
      ],
      [
        0.01401879191878086,
        0.003551649971419213,
        0.0
      ],
      [
        0.01401879191878086,
        0.003551649971419213,
        0.0
      ],
      [
        0.01401879191878086,
        0.003551649971419213,
        0.0
      ],
      [
        0.01401879191878086,
        0.003551649971419213,
        0.0
      ],
      [
        0.01401879191878086,
        0.003551649971419213,
        0.0
      ]
    ],
    "mean_regret": 0.0058568139634000245,
    "mdp_counts": [
      3,
      3,
      3,
      3,
      3,
      3,
      3,
      3,
      3,
      3
    ],
    "constraint_counts": [
      8,
      8,
      8,
      8,
      8,
      8,
      8,
      8,
      8,
      8
    ],
    "coverages": [
      1.0,
      1.0,
      1.0,
      1.0,
      1.0,
      1.0,
      1.0,
      1.0,
      1.0,
      1.0
    ],
    "mean_unique_constraints": 8.0,
    "mean_coverage": 1.0
  }
}