{
  "config": {
    "seed": 125,
    "n_envs": 2,
    "grid_size": 6,
    "gamma": 0.99,
    "n_jobs": null,
    "random_trials": 10,
    "pairwise_total_budget": 10000
  },
  "scot": {
    "selected_mdps": [
      0,
      1
    ],
    "activated_envs": [
      0,
      1
    ],
    "num_selected_atoms": 7,
    "waste": 0.0,
    "coverage": {
      "universe_size": 7,
      "covered_by_selected": 7,
      "covered_by_all_envs": 7,
      "coverage_frac_selected": 1.0,
      "coverage_frac_all_envs": 1.0
    }
  },
  "reward_learning": {
    "true_w": [
      -0.12038367224189547,
      -0.9630693779351638,
      -0.24076734448379095,
      -0.006019183612094773
    ],
    "w_map": [
      0.0954652191096582,
      0.9089914890787707,
      -0.3525721807012488,
      -0.20078277345995052
    ],
    "w_mean": [
      0.07486999481727463,
      0.9583152211428854,
      -0.2612555037892464,
      -0.08815884834633
    ],
    "accept_rate": 0.0045,
    "cos_true_map": -0.8008179055173477,
    "cos_true_mean": -0.8685047306343735
  },
  "regret": {
    "scot_birl_per_env": [
      125.03127608939049,
      160.46946771164576
    ],
    "scot_birl_mean": 142.75037190051813,
    "random_atom_trials": [
      [
        0.7862851682011772,
        0.719207775533939
      ],
      [
        0.034724783544386795,
        0.35756491927694123
      ],
      [
        89.19540576724022,
        113.07523402305847
      ],
      [
        0.7862851682011772,
        0.719207775533939
      ],
      [
        0.7862851682011772,
        0.719207775533939
      ],
      [
        0.034724783544386795,
        0.35756491927694123
      ],
      [
        0.7862851682011772,
        0.719207775533939
      ],
      [
        0.7862851682011772,
        0.719207775533939
      ],
      [
        0.7862851682011772,
        0.719207775533939
      ],
      [
        0.034724783544386795,
        0.35756491927694123
      ]
    ],
    "random_atom_mean": 10.62402332805867,
    "random_mdp_scot_trials": [
      [
        0.0037244186566623982,
        0.0
      ],
      [
        0.0037244186566623982,
        0.0
      ],
      [
        0.0037244186566623982,
        0.0
      ],
      [
        0.0037244186566623982,
        0.0
      ],
      [
        0.0037244186566623982,
        0.0
      ],
      [
        0.0037244186566623982,
        0.0
      ],
      [
        0.0037244186566623982,
        0.0
      ],
      [
        0.0037244186566623982,
        0.0
      ],
      [
        0.0037244186566623982,
        0.0
      ],
      [
        0.0037244186566623982,
        0.0
      ]
    ],
    "random_mdp_scot_mean": 0.0018622093283311991
  }
}