{
  "config": {
    "n_envs": 3,
    "grid_size": 6,
    "gamma": 0.99,
    "state_fraction": 1.0,
    "seed": 125,
    "n_jobs": null,
    "feedback": [
      "demo"
    ],
    "total_budget": 0,
    "alloc_method": "uniform",
    "alloc": 0.0,
    "samples": 5,
    "stepsize": 0.6,
    "beta": 1.0,
    "random_trials": 10,
    "result_dir": "results_minigrid"
  },
  "feedback_enabled": [
    "demo"
  ],
  "scot_regret_mean": 0.1367821199991108,
  "random_atom_mean": 89.69395205853463,
  "random_mdp_scot_mean": 85.75069821117945,
  "scot_regret_per_env": [
    0.20941988026306613,
    0.13240959674776742,
    0.06851688298649883
  ],
  "random_atom_trials": [
    [
      89.73592916756091,
      113.3133162369011,
      54.20284922907631
    ],
    [
      125.22944800729921,
      137.16001167503887,
      113.16025037185562
    ],
    [
      89.73592916756091,
      113.3133162369011,
      54.20284922907631
    ],
    [
      89.73592916756091,
      113.3133162369011,
      54.20284922907631
    ],
    [
      89.73592916756091,
      113.3133162369011,
      54.20284922907631
    ],
    [
      89.73592916756091,
      113.3133162369011,
      54.20284922907631
    ],
    [
      89.73592916756091,
      113.3133162369011,
      54.20284922907631
    ],
    [
      89.73592916756091,
      113.3133162369011,
      54.20284922907631
    ],
    [
      89.73592916756091,
      113.3133162369011,
      54.20284922907631
    ],
    [
      89.73592916756091,
      113.3133162369011,
      54.20284922907631
    ]
  ],
  "random_mdp_scot_trials": [
    [
      89.73592916756091,
      113.3133162369011,
      54.20284922907631
    ],
    [
      89.73592916756091,
      113.3133162369011,
      54.20284922907631
    ],
    [
      89.73592916756091,
      113.3133162369011,
      54.20284922907631
    ],
    [
      89.73592916756091,
      113.3133162369011,
      54.20284922907631
    ],
    [
      89.73592916756091,
      113.3133162369011,
      54.20284922907631
    ],
    [
      89.73592916756091,
      113.3133162369011,
      54.20284922907631
    ],
    [
      89.73592916756091,
      113.3133162369011,
      54.20284922907631
    ],
    [
      89.73592916756091,
      113.3133162369011,
      54.20284922907631
    ],
    [
      89.73592916756091,
      113.3133162369011,
      54.20284922907631
    ],
    [
      89.73592916756091,
      113.3133162369011,
      54.20284922907631
    ]
  ]
}