{
  "config": {
    "seed": 125,
    "n_envs": 2,
    "grid_size": 6,
    "gamma": 0.99,
    "n_jobs": null,
    "random_trials": 10,
    "pairwise_total_budget": 10000
  },
  "scot": {
    "selected_mdps": [
      0,
      1
    ],
    "activated_envs": [
      0,
      1
    ],
    "num_selected_atoms": 7,
    "waste": 0.0,
    "coverage": {
      "universe_size": 7,
      "covered_by_selected": 7,
      "covered_by_all_envs": 7,
      "coverage_frac_selected": 1.0,
      "coverage_frac_all_envs": 1.0
    }
  },
  "reward_learning": {
    "true_w": [
      -0.12038367224189547,
      -0.9630693779351638,
      -0.24076734448379095,
      -0.006019183612094773
    ],
    "w_map": [
      0.011236308084023665,
      0.8961455463860989,
      -0.42570464511894396,
      -0.12478966382339118
    ],
    "w_mean": [
      -0.09075985837036761,
      0.49098154329827315,
      -0.8522764961300652,
      -0.15596328540171153
    ],
    "accept_rate": 0.0253,
    "cos_true_map": -0.7611560930878764,
    "cos_true_mean": -0.2557841640483713
  },
  "regret": {
    "scot_birl_per_env": [
      148.61098786806886,
      160.4131333868887
    ],
    "scot_birl_mean": 154.51206062747877,
    "random_atom_trials": [
      [
        0.01401879191878086,
        0.003551649971419213
      ],
      [
        0.034724783544386795,
        0.35756491927694123
      ],
      [
        0.034724783544386795,
        0.35756491927694123
      ],
      [
        0.034724783544386795,
        0.003551649971419213
      ],
      [
        0.034724783544386795,
        0.11347845248903443
      ],
      [
        0.034724783544386795,
        0.003551649971419213
      ],
      [
        0.034724783544386795,
        0.11347845248903443
      ],
      [
        0.034724783544386795,
        0.11347845248903443
      ],
      [
        0.31409125391005366,
        0.6098959684838725
      ],
      [
        0.034724783544386795,
        0.003551649971419213
      ]
    ],
    "random_atom_mean": 0.11427880392872321,
    "random_mdp_scot_trials": [
      [
        83.45975895510696,
        83.30005462275416
      ],
      [
        83.45975895510696,
        83.30005462275416
      ],
      [
        83.45975895510696,
        83.30005462275416
      ],
      [
        83.45975895510696,
        83.30005462275416
      ],
      [
        83.45975895510696,
        83.30005462275416
      ],
      [
        83.45975895510696,
        83.30005462275416
      ],
      [
        83.45975895510696,
        83.30005462275416
      ],
      [
        83.45975895510696,
        83.30005462275416
      ],
      [
        83.45975895510696,
        83.30005462275416
      ],
      [
        83.45975895510696,
        83.30005462275416
      ]
    ],
    "random_mdp_scot_mean": 83.37990678893057
  }
}