{
  "two_stage_regret": [
    93.74732630370332
  ],
  "random_regret": [
    [
      72.00460859528211
    ],
    [
      72.00460859528211
    ],
    [
      72.00460859528211
    ],
    [
      72.00460859528211
    ],
    [
      72.00460859528211
    ],
    [
      72.00460859528211
    ],
    [
      72.00460859528211
    ],
    [
      72.00460859528211
    ],
    [
      72.00460859528211
    ],
    [
      72.00460859528211
    ]
  ],
  "random_mdp_scot_regret": [
    [
      72.00460859528211
    ],
    [
      72.00460859528211
    ],
    [
      72.00460859528211
    ],
    [
      72.00460859528211
    ],
    [
      72.00460859528211
    ],
    [
      72.00460859528211
    ],
    [
      72.00460859528211
    ],
    [
      72.00460859528211
    ],
    [
      72.00460859528211
    ],
    [
      72.00460859528211
    ]
  ],
  "two_stage_mean": 93.74732630370332,
  "random_mean": 72.00460859528211,
  "random_mdp_scot_mean": 72.00460859528211,
  "num_atoms_selected": 0,
  "num_envs_used": 0,
  "used_envs": [],
  "U_demo_unique": 7,
  "U_atoms_unique": 9,
  "U_union_unique": 7,
  "atom_implied_unique": 0,
  "config": {
    "seed": 125,
    "n_envs": 1,
    "grid_size": 6,
    "gamma": 0.99,
    "feedback": [
      "estop"
    ],
    "state_fraction": 1.0,
    "total_budget": 100,
    "random_trials": 10,
    "alloc_method": "uniform",
    "alloc_alpha": 0.0,
    "birl": {
      "beta": 1.0,
      "samples": 5,
      "stepsize": 0.6
    }
  },
  "two_stage_constraints": {
    "unique_constraints": 0,
    "coverage": 0.0
  },
  "random_constraints": {
    "mdp_counts": [
      0,
      0,
      0,
      0,
      0,
      0,
      0,
      0,
      0,
      0
    ],
    "constraint_counts": [
      0,
      0,
      0,
      0,
      0,
      0,
      0,
      0,
      0,
      0
    ],
    "coverages": [
      0.0,
      0.0,
      0.0,
      0.0,
      0.0,
      0.0,
      0.0,
      0.0,
      0.0,
      0.0
    ],
    "mean_mdp_count": 0.0,
    "mean_unique_constraints": 0.0,
    "mean_coverage": 0.0
  },
  "random_mdp_scot": {
    "regret": [
      [
        72.00460859528211
      ],
      [
        72.00460859528211
      ],
      [
        72.00460859528211
      ],
      [
        72.00460859528211
      ],
      [
        72.00460859528211
      ],
      [
        72.00460859528211
      ],
      [
        72.00460859528211
      ],
      [
        72.00460859528211
      ],
      [
        72.00460859528211
      ],
      [
        72.00460859528211
      ]
    ],
    "mean_regret": 72.00460859528211,
    "mdp_counts": [
      0,
      0,
      0,
      0,
      0,
      0,
      0,
      0,
      0,
      0
    ],
    "constraint_counts": [
      0,
      0,
      0,
      0,
      0,
      0,
      0,
      0,
      0,
      0
    ],
    "coverages": [
      0.0,
      0.0,
      0.0,
      0.0,
      0.0,
      0.0,
      0.0,
      0.0,
      0.0,
      0.0
    ],
    "mean_unique_constraints": 0.0,
    "mean_coverage": 0.0
  }
}