{
  "two_stage_regret": [
    76.70578622566548
  ],
  "random_regret": [
    [
      147.6350247034179
    ],
    [
      147.6350247034179
    ],
    [
      147.6350247034179
    ],
    [
      147.6554562202708
    ],
    [
      147.6554562202708
    ],
    [
      147.6554562202708
    ],
    [
      147.6554562202708
    ],
    [
      147.6554562202708
    ],
    [
      147.6350247034179
    ],
    [
      147.6554562202708
    ]
  ],
  "random_mdp_scot_regret": [
    [
      1.268946837687258
    ],
    [
      1.268946837687258
    ],
    [
      1.268946837687258
    ],
    [
      1.268946837687258
    ],
    [
      1.268946837687258
    ],
    [
      1.268946837687258
    ],
    [
      1.268946837687258
    ],
    [
      1.268946837687258
    ],
    [
      1.268946837687258
    ],
    [
      1.268946837687258
    ]
  ],
  "two_stage_mean": 76.70578622566548,
  "random_mean": 147.64728361352962,
  "random_mdp_scot_mean": 1.268946837687258,
  "num_atoms_selected": 3,
  "num_envs_used": 1,
  "used_envs": [
    0
  ],
  "U_demo_unique": 7,
  "U_atoms_unique": 10,
  "U_union_unique": 7,
  "atom_implied_unique": 0,
  "config": {
    "seed": 125,
    "n_envs": 1,
    "grid_size": 6,
    "gamma": 0.99,
    "feedback": [
      "improvement"
    ],
    "state_fraction": 1.0,
    "total_budget": 100,
    "random_trials": 10,
    "alloc_method": "uniform",
    "alloc_alpha": 0.0,
    "birl": {
      "beta": 1.0,
      "samples": 5,
      "stepsize": 0.6
    }
  },
  "two_stage_constraints": {
    "unique_constraints": 3,
    "coverage": 0.42857142857142855
  },
  "random_constraints": {
    "mdp_counts": [
      1,
      1,
      1,
      1,
      1,
      1,
      1,
      1,
      1,
      1
    ],
    "constraint_counts": [
      3,
      3,
      3,
      3,
      3,
      3,
      3,
      3,
      3,
      3
    ],
    "coverages": [
      0.42857142857142855,
      0.42857142857142855,
      0.42857142857142855,
      0.42857142857142855,
      0.42857142857142855,
      0.42857142857142855,
      0.42857142857142855,
      0.42857142857142855,
      0.42857142857142855,
      0.42857142857142855
    ],
    "mean_mdp_count": 1.0,
    "mean_unique_constraints": 3.0,
    "mean_coverage": 0.42857142857142855
  },
  "random_mdp_scot": {
    "regret": [
      [
        1.268946837687258
      ],
      [
        1.268946837687258
      ],
      [
        1.268946837687258
      ],
      [
        1.268946837687258
      ],
      [
        1.268946837687258
      ],
      [
        1.268946837687258
      ],
      [
        1.268946837687258
      ],
      [
        1.268946837687258
      ],
      [
        1.268946837687258
      ],
      [
        1.268946837687258
      ]
    ],
    "mean_regret": 1.268946837687258,
    "mdp_counts": [
      1,
      1,
      1,
      1,
      1,
      1,
      1,
      1,
      1,
      1
    ],
    "constraint_counts": [
      3,
      3,
      3,
      3,
      3,
      3,
      3,
      3,
      3,
      3
    ],
    "coverages": [
      0.42857142857142855,
      0.42857142857142855,
      0.42857142857142855,
      0.42857142857142855,
      0.42857142857142855,
      0.42857142857142855,
      0.42857142857142855,
      0.42857142857142855,
      0.42857142857142855,
      0.42857142857142855
    ],
    "mean_unique_constraints": 3.0,
    "mean_coverage": 0.42857142857142855
  }
}