{
  "two_stage_regret": [
    2.17414852638138,
    1.8139269213533282,
    2.06914417780564,
    2.0333581063459008,
    2.29604630712236
  ],
  "random_regret": [
    [
      0.17240959199539674,
      0.05766207090149322,
      0.0,
      0.21943118499257253,
      0.0
    ]
  ],
  "two_stage_mean": 2.077324807801722,
  "random_mean": 0.0899005695778925,
  "num_atoms_selected": 2,
  "num_envs_used": 2,
  "used_envs": [
    0,
    3
  ],
  "U_q_raw": 3,
  "U_q_unique": 3,
  "U_atoms_raw": 3,
  "U_union_unique": 3,
  "atom_implied_unique": 0,
  "config": {
    "seed": 123335,
    "n_envs": 5,
    "mdp_size": 3,
    "feature_dim": 3,
    "feedback": [
      "demo"
    ],
    "demo_env_fraction": 0.4,
    "total_budget": 0,
    "random_trials": 1,
    "birl": {
      "beta": 10.0,
      "samples": 10,
      "stepsize": 0.5
    }
  },
  "two_stage_constraints": {
    "unique_constraints": 3,
    "coverage": 1.0
  },
  "random_constraints": {
    "mdp_counts": [
      2
    ],
    "constraint_counts": [
      3
    ],
    "coverages": [
      1.0
    ],
    "mean_mdp_count": 2.0,
    "mean_unique_constraints": 3.0,
    "mean_coverage": 1.0
  },
  "random_mdp_scot": {
    "regret": [
      [
        0.0,
        0.0,
        0.0,
        0.10468366389864059,
        0.0
      ]
    ],
    "mean_regret": 0.02093673277972812,
    "mdp_counts": [
      2
    ],
    "constraint_counts": [
      3
    ],
    "coverages": [
      1.0
    ],
    "mean_unique_constraints": 3.0,
    "mean_coverage": 1.0
  }
}