{
  "two_stage_regret": [
    62.03113651206323,
    61.95108198227522,
    62.06842241624029,
    61.99553659152994,
    62.222099158174146
  ],
  "random_regret": [
    [
      61.75028677079844,
      61.66135788544344,
      61.896012824244885,
      61.88078907043601,
      62.26809125109952
    ]
  ],
  "two_stage_mean": 62.053655332056564,
  "random_mean": 61.89130756040446,
  "num_atoms_selected": 0,
  "num_envs_used": 0,
  "used_envs": [],
  "U_q_raw": 3,
  "U_q_unique": 3,
  "U_atoms_raw": 0,
  "U_union_unique": 3,
  "atom_implied_unique": 0,
  "config": {
    "seed": 123335,
    "n_envs": 5,
    "mdp_size": 3,
    "feature_dim": 3,
    "feedback": [
      "estop"
    ],
    "demo_env_fraction": 0.0,
    "total_budget": 10000,
    "random_trials": 1,
    "birl": {
      "beta": 10.0,
      "samples": 100,
      "stepsize": 0.5
    }
  },
  "two_stage_constraints": {
    "unique_constraints": 0,
    "coverage": 0.0
  },
  "random_constraints": {
    "mdp_counts": [
      0
    ],
    "constraint_counts": [
      0
    ],
    "coverages": [
      0.0
    ],
    "mean_mdp_count": 0.0,
    "mean_unique_constraints": 0.0,
    "mean_coverage": 0.0
  },
  "random_mdp_scot": {
    "regret": [
      [
        62.151043929770765,
        62.01133696604785,
        62.24858481772046,
        62.11544400923748,
        62.61694878562171
      ]
    ],
    "mean_regret": 62.22867170167965,
    "mdp_counts": [
      0
    ],
    "constraint_counts": [
      0
    ],
    "coverages": [
      0.0
    ],
    "mean_unique_constraints": 0.0,
    "mean_coverage": 0.0
  }
}