{
  "two_stage_regret": [
    0.0,
    0.0,
    0.0
  ],
  "random_regret": [
    [
      0.0,
      0.0,
      0.0
    ],
    [
      0.17240959199539674,
      0.05766207090149322,
      0.0
    ],
    [
      0.0,
      0.0,
      0.0
    ],
    [
      0.17240959199539674,
      0.05766207090149322,
      0.0
    ],
    [
      0.17240959199539674,
      0.05766207090149322,
      0.0
    ]
  ],
  "two_stage_mean": 0.0,
  "random_mean": 0.046014332579377995,
  "num_atoms_selected": 1,
  "num_envs_used": 1,
  "used_envs": [
    0
  ],
  "U_q_raw": 3,
  "U_q_unique": 3,
  "U_atoms_raw": 3,
  "U_union_unique": 3,
  "atom_implied_unique": 0,
  "config": {
    "seed": 123335,
    "n_envs": 3,
    "mdp_size": 3,
    "feature_dim": 3,
    "feedback": [
      "demo"
    ],
    "demo_env_fraction": 0.4,
    "total_budget": 0,
    "random_trials": 5,
    "birl": {
      "beta": 10.0,
      "samples": 10,
      "stepsize": 0.5
    }
  },
  "two_stage_constraints": {
    "unique_constraints": 3,
    "coverage": 1.0
  },
  "random_constraints": {
    "mdp_counts": [
      1,
      1,
      1,
      1,
      1
    ],
    "constraint_counts": [
      2,
      2,
      3,
      1,
      2
    ],
    "coverages": [
      0.6666666666666666,
      0.6666666666666666,
      1.0,
      0.3333333333333333,
      0.6666666666666666
    ],
    "mean_mdp_count": 1.0,
    "mean_unique_constraints": 2.0,
    "mean_coverage": 0.6666666666666666
  },
  "random_mdp_scot": {
    "regret": [
      [
        0.0,
        0.0,
        0.0
      ],
      [
        0.0,
        0.0,
        0.0
      ],
      [
        0.0,
        0.0,
        0.0
      ],
      [
        0.0,
        0.0,
        0.0
      ],
      [
        0.17240959199539674,
        0.05766207090149322,
        0.0
      ]
    ],
    "mean_regret": 0.015338110859792664,
    "mdp_counts": [
      1,
      1,
      1,
      1,
      1
    ],
    "constraint_counts": [
      3,
      3,
      3,
      3,
      2
    ],
    "coverages": [
      1.0,
      1.0,
      1.0,
      1.0,
      0.6666666666666666
    ],
    "mean_unique_constraints": 2.8,
    "mean_coverage": 0.9333333333333333
  }
}