{
    "SCOT": {
        "regret_map": [
            0.0,
            0.0,
            38.647713527222564,
            54.64593983693453,
            1.2789769243681803e-13,
            66.97970323219636,
            0.0,
            1.4210854715202004e-13,
            48.16752044075474,
            113.60574130605204,
            108.14640555876854,
            60.74292593102037,
            40.12257561782126,
            9.947598300641403e-14,
            4.973799150320701e-14,
            1.2079226507921703e-13,
            1.9895196601282805e-13,
            36.23339465582696,
            0.0,
            4.121147867408581e-13
        ],
        "regret_mean": [
            0.0,
            0.0,
            38.7621659207883,
            54.64593983693453,
            1.2789769243681803e-13,
            66.97970323219636,
            0.0,
            1.4210854715202004e-13,
            48.32009976068121,
            113.60574130605204,
            108.14640555876854,
            60.74292593102037,
            40.12257561782126,
            9.947598300641403e-14,
            4.973799150320701e-14,
            1.2079226507921703e-13,
            1.9895196601282805e-13,
            36.23339465582696,
            0.0,
            4.121147867408581e-13
        ]
    },
    "RANDOM": {
        "regret_map": [
            [
                0.0,
                0.0,
                37.01439628673666,
                54.45497657846755,
                1.2789769243681803e-13,
                67.12385035688544,
                0.07316142000152581,
                1.4210854715202004e-13,
                47.465088276050885,
                113.14989784551035,
                108.07026023369538,
                60.64218283717935,
                40.12257561782126,
                9.947598300641403e-14,
                4.973799150320701e-14,
                1.2079226507921703e-13,
                1.9895196601282805e-13,
                36.06054268363214,
                0.0,
                4.121147867408581e-13
            ],
            [
                104.30710332135888,
                39.42127650393339,
                69.28533270803419,
                93.57039952726507,
                172.81781597334987,
                119.16897938111104,
                141.1133868196799,
                106.63467149449164,
                83.77643226429129,
                199.89093539996784,
                167.48031074217948,
                84.81803884557524,
                69.08015176666377,
                87.30815410044391,
                92.65206524966845,
                102.64337709144262,
                251.98033490100443,
                59.85678213397347,
                115.54403284681356,
                157.55441955215767
            ],
            [
                0.0,
                0.0,
                30.58922600304625,
                45.34116985183528,
                1.2789769243681803e-13,
                67.12385035688544,
                0.07316142000152581,
                1.4210854715202004e-13,
                47.465088276050885,
                113.14989784551035,
                108.07026023369538,
                60.64218283717935,
                25.327037364092355,
                9.947598300641403e-14,
                4.973799150320701e-14,
                1.2079226507921703e-13,
                1.9895196601282805e-13,
                26.949118415624397,
                0.0,
                4.121147867408581e-13
            ],
            [
                0.0,
                0.0,
                1.4210854715202004e-14,
                0.0,
                1.2789769243681803e-13,
                0.0,
                0.0,
                1.4210854715202004e-13,
                8.526512829121202e-14,
                1.1368683772161603e-13,
                1.9895196601282805e-13,
                7.105427357601002e-14,
                2.842170943040401e-14,
                9.947598300641403e-14,
                4.973799150320701e-14,
                1.2079226507921703e-13,
                1.9895196601282805e-13,
                0.0,
                0.0,
                4.121147867408581e-13
            ],
            [
                108.7152044014044,
                76.11660009840665,
                39.876330338419734,
                55.69756759399515,
                172.99141474952876,
                67.92780067375583,
                141.19293832783876,
                106.67444724857108,
                49.397199785667716,
                113.97673214389026,
                109.31015434858404,
                61.218324355083645,
                41.71869507327533,
                128.32245947347067,
                97.11818339316389,
                107.19487626023275,
                252.02011065508387,
                37.320988610218436,
                115.58380860089301,
                172.59663726246194
            ],
            [
                78.91538858420112,
                55.62113807011485,
                48.7364246567919,
                71.26448839682443,
                125.78479973502574,
                85.6702238581027,
                102.61851510780517,
                77.4830062630345,
                63.282109712565216,
                143.57939944265547,
                139.92572523274455,
                78.26012419665949,
                52.731285370002794,
                93.53770241293604,
                70.67914178263443,
                77.98540500694784,
                183.3531972281085,
                46.63394246636829,
                83.59905548201127,
                126.3430976395777
            ],
            [
                0.02966576710814195,
                0.014926543677823645,
                38.80556388116736,
                54.82183572812883,
                0.04466208362300961,
                67.22802159073449,
                0.05798531831655396,
                1.4210854715202004e-13,
                48.2120764101113,
                113.73911166625479,
                108.14640555876854,
                60.80263210573168,
                40.2281028513488,
                0.029853087355760977,
                0.0744233765286566,
                0.014926543677944437,
                0.07463271838929586,
                36.38803183839143,
                0.1773906664089253,
                0.014926543678228654
            ],
            [
                0.3938291060705197,
                13.611720185798966,
                0.02985308735567571,
                0.01492654367783075,
                0.7802500712972886,
                34.442647329604966,
                0.05798531831655396,
                0.06892899938998198,
                2.1766006837077825,
                0.029755918200791598,
                1.9895196601282805e-13,
                0.05934312983434609,
                0.014926543677859172,
                0.029853087355760977,
                0.0744233765286566,
                0.32836337385032266,
                0.07463271838929586,
                0.474164658888526,
                0.5596028435686691,
                0.014926543678228654
            ],
            [
                108.7152044014044,
                76.11660009840665,
                40.21798994934015,
                55.69756759399515,
                172.99141474952876,
                68.16839658330589,
                141.19293832783876,
                106.67444724857108,
                49.397199785667716,
                113.97673214389026,
                109.31015434858404,
                61.218324355083645,
                41.8769283450105,
                128.32245947347067,
                97.11818339316389,
                107.19487626023275,
                252.02011065508387,
                37.375113498164346,
                115.58380860089301,
                172.53355707131897
            ],
            [
                0.3938291060705197,
