{
    "SCOT": {
        "regret_map": [
            0.0,
            0.0,
            1.4210854715202004e-14,
            0.0,
            1.2789769243681803e-13,
            0.0,
            0.0,
            1.4210854715202004e-13,
            8.526512829121202e-14,
            1.1368683772161603e-13,
            1.9895196601282805e-13,
            7.105427357601002e-14,
            2.842170943040401e-14,
            9.947598300641403e-14,
            4.973799150320701e-14,
            1.2079226507921703e-13,
            1.9895196601282805e-13,
            0.0,
            0.0,
            4.121147867408581e-13
        ],
        "regret_mean": [
            0.0,
            0.0,
            1.4210854715202004e-14,
            0.0,
            1.2789769243681803e-13,
            0.0,
            0.0,
            1.4210854715202004e-13,
            8.526512829121202e-14,
            1.1368683772161603e-13,
            1.9895196601282805e-13,
            7.105427357601002e-14,
            2.842170943040401e-14,
            9.947598300641403e-14,
            4.973799150320701e-14,
            1.2079226507921703e-13,
            1.9895196601282805e-13,
            0.0,
            0.0,
            4.121147867408581e-13
        ]
    },
    "RANDOM": {
        "regret_map": [
            [
                0.02966576710814195,
                0.014926543677823645,
                0.02985308735567571,
                0.01492654367783075,
                0.04466208362300961,
                0.20420575237633898,
                0.05798531831655396,
                1.4210854715202004e-13,
                0.014926543677916015,
                0.029755918200791598,
                1.9895196601282805e-13,
                0.05934312983434609,
                0.014926543677859172,
                0.029853087355760977,
                0.0744233765286566,
                0.014926543677944437,
                0.07463271838929586,
                0.08760575033473117,
                0.1773906664089253,
                0.014926543678228654
            ],
            [
                0.0,
                0.0,
                1.4210854715202004e-14,
                0.0,
                1.2789769243681803e-13,
                0.0,
                0.0,
                1.4210854715202004e-13,
                8.526512829121202e-14,
                1.1368683772161603e-13,
                1.9895196601282805e-13,
                7.105427357601002e-14,
                2.842170943040401e-14,
                9.947598300641403e-14,
                4.973799150320701e-14,
                1.2079226507921703e-13,
                1.9895196601282805e-13,
                0.0,
                0.0,
                4.121147867408581e-13
            ],
            [
                0.02966576710814195,
                0.014926543677823645,
                0.02985308735567571,
                0.01492654367783075,
                0.04466208362300961,
                0.20420575237633898,
                0.05798531831655396,
                1.4210854715202004e-13,
                0.014926543677916015,
                0.029755918200791598,
                1.9895196601282805e-13,
                0.05934312983434609,
                0.014926543677859172,
                0.029853087355760977,
                0.0744233765286566,
                0.014926543677944437,
                0.07463271838929586,
                0.08760575033473117,
                0.1773906664089253,
                0.014926543678228654
            ],
            [
                0.0,
                0.0,
                1.4210854715202004e-14,
                0.0,
                1.2789769243681803e-13,
                0.0,
                0.0,
                1.4210854715202004e-13,
                8.526512829121202e-14,
                1.1368683772161603e-13,
                1.9895196601282805e-13,
                7.105427357601002e-14,
                2.842170943040401e-14,
                9.947598300641403e-14,
                4.973799150320701e-14,
                1.2079226507921703e-13,
                1.9895196601282805e-13,
                0.0,
                0.0,
                4.121147867408581e-13
            ],
            [
                0.02966576710814195,
                0.014926543677823645,
                0.02985308735567571,
                0.01492654367783075,
                0.04466208362300961,
                0.26378746736872927,
                0.05798531831655396,
                1.4210854715202004e-13,
                0.014926543677916015,
                0.029755918200791598,
                1.9895196601282805e-13,
                0.05934312983434609,
                0.014926543677859172,
                0.029853087355760977,
                0.0744233765286566,
                0.014926543677944437,
                0.07463271838929586,
                0.08760575033473117,
                0.1773906664089253,
                0.014926543678228654
            ],
            [
                0.02966576710814195,
                0.014926543677823645,
                0.02985308735567571,
                0.01492654367783075,
                0.04466208362300961,
                0.26378746736872927,
                0.05798531831655396,
                1.4210854715202004e-13,
                0.014926543677916015,
                0.029755918200791598,
                1.9895196601282805e-13,
                0.05934312983434609,
                0.014926543677859172,
                0.029853087355760977,
                0.0744233765286566,
                0.014926543677944437,
                0.07463271838929586,
                0.08760575033473117,
                0.1773906664089253,
                0.014926543678228654
            ],
            [
                0.02966576710814195,
                0.014926543677823645,
                0.02985308735567571,
                0.01492654367783075,
                0.04466208362300961,
                0.26378746736872927,
                0.05798531831655396,
                1.4210854715202004e-13,
                0.014926543677916015,
                0.029755918200791598,
                1.9895196601282805e-13,
                0.05934312983434609,
                0.014926543677859172,
                0.029853087355760977,
                0.0744233765286566,
                0.014926543677944437,
                0.07463271838929586,
                0.08760575033473117,
                0.1773906664089253,
                0.014926543678228654
            ],
            [
                0.02966576710814195,
                0.014926543677823645,
                0.02985308735567571,
                0.01492654367783075,
                0.04466208362300961,
                0.26378746736872927,
                0.05798531831655396,
                1.4210854715202004e-13,
                0.014926543677916015,
                0.029755918200791598,
                1.9895196601282805e-13,
                0.05934312983434609,
                0.014926543677859172,
                0.029853087355760977,
                0.0744233765286566,
                0.014926543677944437,
                0.07463271838929586,
                0.08760575033473117,
                0.1773906664089253,
                0.014926543678228654
            ],
            [
                0.02966576710814195,
                0.014926543677823645,
                0.02985308735567571,
                0.01492654367783075,
                0.04466208362300961,
                0.26378746736872927,
                0.05798531831655396,
                1.4210854715202004e-13,
                0.014926543677916015,
                0.029755918200791598,
                1.9895196601282805e-13,
                0.05934312983434609,
                0.014926543677859172,
                0.029853087355760977,
                0.0744233765286566,
                0.014926543677944437,
                0.07463271838929586,
