{
  "two_stage_regret": [
    120.52297824719992,
    49.11560335526064,
    49.191748961210926,
    120.37194672382644,
    119.06297945262347,
    120.22242551568671,
    119.95800132786061,
    120.33242291170623,
    120.52297824719992,
    119.95850717488882,
    120.44683264124961,
    119.5494396625522,
    49.00119362571723,
    120.18416139209359,
    119.40430308789874,
    120.6740097705734,
    49.26939655334339,
    119.95975426653065,
    120.7122738941665,
    120.37232936506238
  ],
  "random_regret": [
    [
      48.068661468385855,
      0.0,
      0.0,
      47.771031661592474,
      47.76521931546777,
      35.94703225348315,
      17.9188390091408,
      47.510178169532644,
      47.58632377548294,
      47.42515536871959,
      48.02211644831921,
      41.3284375696923,
      0.0,
      47.81248383971591,
      0.0,
      36.12119258201412,
      0.0,
      47.28577104396971,
      0.0,
      47.75575646643762
    ],
    [
      30.155182301551363,
      30.573034184012872,
      30.534770060419756,
      30.156561407722513,
      30.458624454469472,
      48.25080389287672,
      30.194200266643374,
      36.588593662439656,
      38.91631184505401,
      30.081938713891223,
      32.542649740732685,
      29.898406001115333,
      30.38247884851917,
      30.420360330876356,
      30.534770060419767,
      30.49650593682664,
      30.57303418401287,
      30.044921681939936,
      30.53351037189265,
      30.384121178282218
    ],
    [
      30.155182301551363,
      30.573034184012872,
      30.534770060419756,
      30.156561407722513,
      30.458624454469472,
      0.0,
      30.194200266643374,
      30.455854450708618,
      30.72091306238957,
      30.081938713891223,
      30.420360330876356,
      29.898406001115333,
      30.38247884851917,
      30.420360330876356,
      30.534770060419767,
      30.49650593682664,
      30.57303418401287,
      30.044921681939936,
      30.53351037189265,
      30.384121178282218
    ],
    [
      0.0,
      0.0,
      0.0,
      0.0,
      0.0,
      0.0,
      0.0,
      0.0,
      0.0,
      0.0,
      0.0,
      0.0,
      0.0,
      0.0,
      0.0,
      0.0,
      0.0,
      0.0,
      0.0,
      0.0
    ],
    [
      48.14480707433615,
      49.11560335526064,
      49.191748961210926,
      47.771031661592474,
      47.80348343906088,
      48.25080389287672,
      48.21505063168441,
      47.510178169532644,
      47.62307758384231,
      47.50130097466988,
      48.098644695505435,
      47.55646899533937,
      49.00119362571723,
      48.04015920150729,
      49.19174896121093,
      48.363445252427454,
      48.8560764220498,
      47.361916649920005,
      49.00119362571723,
      47.75575646643762
    ],
    [
      0.0,
      0.0,
      0.0,
      11.798524471256904,
      0.0,
      5.7609163665742145,
      5.87242906015215,
      0.0,
      0.0,
      5.834670783587242,
      5.91043757471396,
      29.288241346670862,
      0.0,
      0.0,
      0.0,
      0.0,
      0.0,
      11.685625056947224,
      0.0,
      5.872556092356781
    ],
    [
      0.0,
      0.0,
      0.0,
      0.0,
      0.0,
      0.0,
      0.0,
      0.0,
      0.0,
      0.0,
      0.0,
      0.0,
      0.0,
      0.0,
      0.0,
      0.0,
      0.0,
      0.0,
      0.0,
      0.0
    ],
    [
      48.14480707433615,
      30.573034184012872,
      30.534770060419756,
      47.771031661592474,
      47.80348343906088,
      48.25080389287672,
      36.822842448367226,
      43.01577596885437,
      43.18943289608476,
      45.235457282346765,
      48.098644695505435,
      47.5511403785784,
      30.38247884851917,
      48.04015920150729,
      30.534770060419767,
      43.77401715891561,
      30.57303418401287,
      45.09607295759689,
      32.80644866388652,
      47.75575646643762
    ],
    [
      48.068661468385855,
      48.96292950212412,
      49.03907510807441,
      47.771031661592474,
      47.76521931546777,
      48.25080389287672,
      48.1767865080913,
      47.510178169532644,
      47.58632377548294,
      47.42515536871959,
      48.02211644831921,
      47.480323389389085,
      48.96292950212411,
      47.81248383971591,
      49.07733923166753,
      48.363445252427454,
      48.85569378081387,
      47.28577104396971,
      48.96292950212411,
      47.75575646643762
    ],
    [
      32.503887384671955,
      30.573034184012872,
      30.534770060419756,
      30.156561407722513,
      30.458624454469472,
      48.25080389287672,
      30.194200266643374,
      36.588593662439656,
      38.91631184505401,
      30.081938713891223,
      32.542649740732685,
      29.898406001115333,
      30.38247884851917,
      30.420360330876356,
      30.534770060419767,
      30.49650593682664,
      30.57303418401287,
      30.044921681939936,
      30.53351037189265,
      30.384121178282218
    ],
    [
      0.0,
      0.0,
      0.0,
      0.0,
      0.0,
      0.0,
      0.0,
      0.0,
      0.0,
      0.0,
      0.0,
      0.0,
      0.0,
      0.0,
      0.0,
      0.0,
      0.0,
      0.0,
      0.0,
      0.0
    ],
    [
      30.155182301551363,
      30.573034184012872,
      30.534770060419756,
      30.156561407722513,
      30.458624454469472,
      48.25080389287672,
      30.194200266643374,
      32.541007410969634,
      36.95214855824192,
      30.081938713891223,
      32.542649740732685,
      29.898406001115333,
      30.38247884851917,
      30.420360330876356,
      30.534770060419767,
      30.49650593682664,
      30.57303418401287,
      30.044921681939936,
      30.53351037189265,
      30.384121178282218
    ],
    [
      30.155182301551363,
      30.573034184012872,
      30.534770060419756,
      30.156561407722513,
      30.458624454469472,
      48.25080389287672,
      30.194200266643374,
      30.455854450708618,
      30.72091306238957,
      30.081938713891223,
      30.420360330876356,
      29.898406001115333,
      30.38247884851917,
      30.420360330876356,
      30.534770060419767,
      30.49650593682664,
      30.57303418401287,
      30.044921681939936,
      30.53351037189265,
      30.384121178282218
    ],
    [
      48.068661468385855,
      48.96292950212412,
      48.72086818764191,
      47.771031661592474,
      47.76521931546777,
      48.25080389287672,
      48.1767865080913,
      47.510178169532644,
      47.58632377548294,
      47.42515536871959,
      48.02211644831921,
      47.480323389389085,
      48.96292950212411,
      47.81248383971591,
      48.759132311235035,
      48.363445252427454,
      48.85569378081387,
      47.28577104396971,
      48.96292950212411,
      47.75575646643762
    ],
    [
      30.155182301551363,
      30.573034184012872,
      30.534770060419756,
      30.156561407722513,
      30.458624454469472,
      35.94703225348315,
      30.194200266643374,
      24.369402546070404,
      30.72091306238957,
      30.081938713891223,
      30.420360330876356,
      29.898406001115333,
      30.38247884851917,
      30.420360330876356,
      30.534770060419767,
      30.49650593682664,
      30.57303418401287,
      30.044921681939936,
      30.53351037189265,
      30.384121178282218
    ],
    [
      48.068661468385855,
      48.96292950212412,
      49.03907510807441,
      47.771031661592474,
      47.76521931546777,
      48.25080389287672,
      48.1767865080913,
      47.510178169532644,
      47.58632377548294,
      47.42515536871959,
      48.02211644831921,
      47.480323389389085,
      48.96292950212411,
      47.81248383971591,
      49.07733923166753,
      48.363445252427454,
      48.85569378081387,
      47.28577104396971,
      48.96292950212411,
      47.75575646643762
    ],
    [
      48.44535980584937,
      49.11560335526064,
      49.191748961210926,
      48.003537407677214,
      47.95451496243436,
      48.25080389287672,
      48.21505063168441,
      48.108278105243954,
      47.77410910721579,
      47.50130097466988,
