{
  "two_stage_regret": [
    0.0,
    0.0,
    0.0,
    0.0,
    0.0,
    0.0,
    0.0,
    0.0,
    0.0,
    0.0,
    0.0,
    0.0,
    0.0,
    0.0,
    0.0,
    0.0,
    0.0,
    0.0,
    0.0,
    0.0
  ],
  "random_regret": [
    [
      0.0,
      0.0,
      0.0,
      0.0,
      0.0,
      0.0,
      0.0,
      0.0,
      0.0,
      0.0,
      0.0,
      0.0,
      0.0,
      0.0,
      0.0,
      0.0,
      0.0,
      0.0,
      0.0,
      0.0
    ],
    [
      81.67836742744961,
      83.85154707842979,
      82.42126429777154,
      34.00729116596146,
      83.5483670691076,
      83.51553771430238,
      0.020537440133858387,
      83.3796748683354,
      83.3170876752986,
      82.77210932040389,
      82.51721202964143,
      82.75157188027003,
      82.42126429777154,
      83.80822348783904,
      82.770414701605,
      84.01265266077257,
      83.78421283508206,
      83.83959967881908,
      82.51721202964141,
      83.73675319617321
    ],
    [
      0.0,
      0.0,
      0.0,
      4.097214960024324,
      0.0,
      0.010268720066918036,
      0.020537440133858387,
      0.010268720066932246,
      0.0,
      0.010268720066918036,
      0.0,
      0.0,
      0.0,
      0.0,
      0.0,
      0.0,
      0.020434752933198297,
      0.0,
      0.0,
      0.0
    ],
    [
      99.03634510793215,
      99.92484202071142,
      0.0,
      49.8998540294822,
      0.0,
      99.17945640460324,
      15.763931912099824,
      99.05190505649352,
      100.04990462303489,
      99.05688254806601,
      0.0,
      98.55913339081857,
      99.92484202071141,
      99.92484202071141,
      99.67471681606446,
      99.79977941838793,
      99.5406361196973,
      99.17945640460324,
      99.66444809599753,
      99.79977941838793
    ],
    [
      0.0,
      0.0,
      0.0,
      4.097214960024324,
      0.0,
      0.010268720066918036,
      0.020537440133858387,
      0.010268720066932246,
      0.0,
      0.010268720066918036,
      0.0,
      0.0,
      0.0,
      0.0,
      0.0,
      0.0,
      0.020434752933198297,
      0.0,
      0.0,
      0.0
    ],
    [
      106.97174302332499,
      0.0,
      107.86023993610425,
      58.09429255636502,
      107.45693906224861,
      108.00448666533768,
      23.937935686049457,
      108.01475538540461,
      107.58957729132344,
      107.26158979501577,
      108.12954926766118,
      107.24105235488192,
      107.31269233301516,
      0.0,
      0.0,
      107.0243907158174,
      107.61001204425664,
      107.58957729132342,
      107.99421794527076,
      107.99421794527075
    ],
    [
      0.0,
      0.0,
      0.0,
      4.097214960024324,
      0.0,
      0.010268720066918036,
      0.020537440133858387,
      0.010268720066932246,
      0.0,
      0.010268720066918036,
      0.0,
      0.0,
      0.0,
      0.0,
      0.0,
      0.0,
      0.020434752933198297,
      0.0,
      0.0,
      0.0
    ],
    [
      0.0,
      0.0,
      0.0,
      4.097214960024324,
      0.0,
      0.010268720066918036,
      11.93995656184624,
      0.010268720066932246,
      0.0,
      0.010268720066918036,
      0.0,
      0.0,
      0.0,
      0.0,
      0.0,
      0.0,
      0.020434752933198297,
      0.14424672923341575,
      0.0,
      0.0
    ],
    [
      0.0,
      0.0,
      0.0,
      0.0,
      0.0,
      0.0,
      0.0,
      0.0,
      0.0,
      0.0,
      0.0,
      0.0,
      0.0,
      0.0,
      0.0,
      0.0,
      0.0,
      0.0,
      0.0,
      0.0
    ],
    [
      0.0,
      0.0,
      0.0,
      4.097214960024324,
      0.0,
      0.010268720066918036,
      0.020537440133858387,
      0.010268720066932246,
      0.0,
      0.010268720066918036,
      0.0,
      0.0,
      0.0,
      0.0,
      0.0,
      0.0,
      0.020434752933198297,
      0.0,
      0.0,
      0.0
    ],
    [
      0.0,
      0.0,
      0.0,
      4.097214960024324,
      0.0,
      0.010268720066918036,
      0.020537440133858387,
      0.010268720066932246,
      0.0,
      0.010268720066918036,
      0.0,
      0.0,
      0.0,
      0.0,
      0.0,
      0.0,
      0.020434752933198297,
      0.0,
      0.0,
      0.0
    ],
    [
      0.0,
      0.0,
      0.0,
      4.097214960024324,
      0.0,
      0.010268720066918036,
      0.020537440133858387,
      0.010268720066932246,
      0.0,
      0.010268720066918036,
      0.0,
      0.0,
      0.0,
      0.0,
      0.0,
      0.0,
      0.020434752933198297,
      0.0,
      0.0,
      0.0
    ],
    [
      0.0,
      0.0,
      0.0,
      34.00729116596146,
      0.0,
      0.010268720066918036,
      0.020537440133858387,
      0.010268720066932246,
      0.0,
      0.010268720066918036,
      0.0,
      0.0,
      0.0,
      0.0,
      0.0,
      0.0,
      0.020434752933198297,
      0.0,
      0.0,
      0.0
    ],
    [
      0.0,
      0.0,
      0.0,
      4.097214960024324,
      0.0,
      0.010268720066918036,
      11.93995656184624,
      0.010268720066932246,
      0.0,
      0.010268720066918036,
      0.0,
      0.0,
      0.0,
      0.0,
      0.0,
      0.0,
      0.020434752933198297,
      0.14424672923341575,
      0.0,
      0.0
    ],
    [
      81.92724200607334,
      84.10167228307674,
      82.82725826494277,
      34.401663099841855,
      84.08698573222142,
      84.16635985355785,
      0.020537440133858387,
      83.90937812460619,
      83.6910248562458,
      83.03114993189386,
      83.05313759943968,
      83.02088121182695,
      82.67138950241849,
      84.058348692486,
      83.96982593269655,
      84.25261183255327,
      83.91954415747246,
      84.0411945640337,
      83.05313759943967,
      84.00741584095402
    ],
    [
      0.0,
      0.0,
      0.0,
      0.0,
      0.0,
      0.0,
      0.0,
      0.0,
      0.0,
      0.0,
      0.0,
      0.0,
      0.0,
      0.0,
      0.0,
      0.0,
      0.0,
      0.0,
      0.0,
      0.0
    ],
    [
      0.0,
      0.0,
      0.0,
      4.097214960024324,
      0.0,
      0.010268720066918036,
      17.93922426794215,
      0.010268720066932246,
      0.0,
      0.010268720066918036,
      0.0,
      0.0,
      0.0,
      0.0,
      0.0,
      0.0,
      0.020434752933198297,
      0.0,
      0.0,
      0.0
    ],
    [
      0.0,
      0.0,
      0.0,
      0.0,
      0.0,
      0.0,
      0.0,
      0.0,
      0.0,
      0.0,
      0.0,
      0.0,
      0.0,
      0.0,
      0.0,
      0.0,
      0.0,
      0.0,
      0.0,
      0.0
    ],
    [
      0.0,
      0.0,
      0.0,
      0.0,
      0.0,
      0.0,
      0.0,
      0.0,
      0.0,
      0.0,
      0.0,
      0.0,
      0.0,
      0.0,
      0.0,
      0.0,
      0.0,
      0.0,
      0.0,
      0.0
    ],
    [
      107.2206176019487,
      84.10167228307674,
      107.86023993610425,
      58.219355158688494,
      107.45693906224861,
      108.12954926766116,
      23.937935686049457,
      108.01475538540461,
      107.8397024959704,
      107.26158979501577,
      108.12954926766118,
      107.24105235488192,
      107.93301534679985,
      84.058348692486,
      83.96982593269655,
      107.14945331814087,
      107.61001204425664,
      107.83845186994715,
      107.99421794527076,
      107.99421794527075
    ]
  ],
  "two_stage_mean": 0.0,
  "random_mean": 20.966515533363346,
  "num_atoms_selected": 2,
  "num_envs_used": 2,
  "used_envs": [
    3,
    6
  ],
  "U_q_raw": 3,
  "U_q_unique": 3,
  "U_atoms_raw": 3,
  "U_union_unique": 3,
  "atom_implied_unique": 0,
  "config": {
    "seed": 1000,
    "n_envs": 20,
    "mdp_size": 3,
    "feature_dim": 3,
    "feedback": [
      "demo"
    ],
    "demo_env_fraction": 1.0,
    "total_budget": 0,
    "random_trials": 20,
    "birl": {
      "beta": 10.0,
      "samples": 2000,
      "stepsize": 0.2
    }
  }
}