{
  "two_stage_regret": [
    120.52297824719992,
    49.11560335526064,
    49.191748961210926,
    120.37194672382644,
    119.06297945262347,
    120.22242551568671,
    119.95800132786061,
    120.33242291170623,
    120.52297824719992,
    119.95850717488882,
    120.44683264124961,
    119.5494396625522,
    49.00119362571723,
    120.18416139209359,
    119.40430308789874,
    120.6740097705734,
    75.67987275872646,
    119.95975426653065,
    120.7122738941665,
    120.37232936506238
  ],
  "random_regret": [
    [
      0.0,
      0.0,
      0.0,
      7.350747737013819,
      0.0,
      0.0,
      0.0,
      7.274984772299447,
      7.350747737013812,
      7.275742401946587,
      3.6753738685069024,
      8.788232015934426,
      0.0,
      0.0,
      0.0,
      0.0,
      0.0,
      10.989367797161329,
      0.0,
      3.637492386149731
    ],
    [
      30.155182301551363,
      30.573034184012872,
      30.534770060419756,
      30.156561407722513,
      30.458624454469472,
      0.0,
      30.194200266643374,
      30.455854450708618,
      30.72091306238957,
      30.081938713891223,
      30.420360330876356,
      29.898406001115333,
      30.38247884851917,
      30.420360330876356,
      30.534770060419767,
      30.49650593682664,
      30.57303418401287,
      30.044921681939936,
      30.53351037189265,
      30.384121178282218
    ],
    [
      30.155182301551363,
      30.573034184012872,
      30.534770060419756,
      30.156561407722513,
      30.458624454469472,
      5.7609163665742145,
      30.194200266643374,
      30.455854450708618,
      30.72091306238957,
      30.081938713891223,
      30.420360330876356,
      29.898406001115333,
      30.38247884851917,
      30.420360330876356,
      30.534770060419767,
      30.49650593682664,
      30.57303418401287,
      30.044921681939936,
      30.53351037189265,
      30.384121178282218
    ],
    [
      30.155182301551363,
      30.573034184012872,
      30.534770060419756,
      30.156561407722513,
      30.458624454469472,
      0.0,
      30.194200266643374,
      30.455854450708618,
      30.72091306238957,
      30.081938713891223,
      30.420360330876356,
      29.898406001115333,
      30.38247884851917,
      30.420360330876356,
      30.534770060419767,
      30.49650593682664,
      30.57303418401287,
      30.044921681939936,
      30.53351037189265,
      30.384121178282218
    ],
    [
      0.0,
      0.0,
      0.0,
      0.0,
      0.0,
      0.0,
      0.0,
      0.0,
      0.0,
      0.0,
      0.0,
      0.0,
      0.0,
      0.0,
      0.0,
      0.0,
      0.0,
      0.0,
      0.0,
      0.0
    ],
    [
      0.0,
      0.0,
      0.0,
      0.0,
      0.0,
      0.0,
      0.07439266728024307,
      0.0,
      0.0,
      0.0,
      0.0,
      0.0,
      0.0,
      0.0,
      0.0,
      0.0,
      0.0,
      0.0,
      0.0,
      0.0
    ],
    [
      30.155182301551363,
      30.573034184012872,
      30.534770060419756,
      30.156561407722513,
      30.458624454469472,
      0.0,
      30.194200266643374,
      30.455854450708618,
      30.72091306238957,
      30.081938713891223,
      30.420360330876356,
      29.898406001115333,
      30.38247884851917,
      30.420360330876356,
      30.534770060419767,
      30.49650593682664,
      30.57303418401287,
      30.044921681939936,
      30.53351037189265,
      30.384121178282218
    ],
    [
      0.0,
      0.0,
      0.0,
      0.11276739978036687,
      0.0,
      0.0,
      0.2987997928431767,
      0.22440712556292652,
      0.0,
      0.0,
      0.11163972578255965,
      0.0,
      0.0,
      0.11276739978036687,
      0.0,
      0.0,
      0.0,
      0.0,
      0.0,
      0.22440712556293363
    ],
    [
      0.0,
      0.0,
      0.0,
      0.0,
      0.0,
      0.0,
      0.0,
      0.0,
      0.0,
      0.0,
      0.0,
      0.0,
      0.0,
      0.0,
      0.0,
      0.0,
      0.0,
      0.0,
      0.0,
      0.0
    ],
    [
      30.155182301551363,
      30.573034184012872,
      30.534770060419756,
      30.345474413453175,
      30.458624454469472,
      48.25080389287672,
      30.194200266643374,
      30.455854450708618,
      30.72091306238957,
      30.081938713891223,
      30.420360330876356,
      29.898406001115333,
      30.38247884851917,
      30.420360330876356,
      30.534770060419767,
      30.49650593682664,
      30.57303418401287,
      30.044921681939936,
      30.53351037189265,
      30.384121178282218
    ],
    [
      0.0,
      0.0,
      0.0,
      0.0,
      0.0,
      0.0,
      0.0,
      0.0,
      0.0,
      0.0,
      0.0,
      0.0,
      0.0,
      0.0,
      0.0,
      0.0,
      0.0,
      0.0,
      0.0,
      0.0
    ],
    [
      0.0,
      0.0,
      0.0,
      0.0,
      0.0,
      0.0,
      0.07439266728024307,
      0.0,
      0.0,
      0.0,
      0.0,
      0.0,
      0.0,
      0.0,
      0.0,
      0.0,
      0.0,
      0.0,
      0.0,
      0.0
    ],
    [
      30.155182301551363,
      30.573034184012872,
      30.534770060419756,
      30.156561407722513,
      30.458624454469472,
      0.0,
      30.194200266643374,
      30.455854450708618,
      30.72091306238957,
      30.081938713891223,
      30.420360330876356,
      29.898406001115333,
      30.38247884851917,
      30.420360330876356,
      30.534770060419767,
      30.49650593682664,
      30.57303418401287,
      30.044921681939936,
      30.53351037189265,
      30.384121178282218
    ],
    [
      0.0,
      0.0,
      0.0,
      0.0,
      0.0,
      0.0,
      0.0,
      0.0,
      0.0,
      0.0,
      0.0,
      0.0,
      0.0,
      0.0,
      0.0,
      0.0,
      0.0,
      0.0,
      0.0,
      0.0
    ],
    [
      0.0,
      0.0,
      0.0,
      0.0,
      0.0,
      0.0,
      0.07439266728024307,
      0.0,
      0.0,
      0.0,
      0.0,
      0.0,
      0.0,
      0.0,
      0.0,
      0.0,
      0.0,
      0.0,
      0.0,
      0.0
    ],
    [
      120.52297824719992,
      0.0,
      0.0,
      120.33368260023335,
      119.06297945262347,
      120.22242551568671,
      119.88185572191031,
      120.33242291170623,
      120.52297824719992,
      119.88236156893853,
      120.40856851765653,
      119.47329405660192,
      0.0,
      120.18416139209359,
      119.32777484071252,
      120.6740097705734,
      60.412506277456316,
      119.95975426653065,
      120.7122738941665,
      120.33406524146928
    ],
    [
      30.155182301551363,
      30.573034184012872,
      30.534770060419756,
      30.156561407722513,
      30.458624454469472,
      0.0,
      30.194200266643374,
      30.455854450708618,
      30.72091306238957,
      30.081938713891223,
      30.420360330876356,
      29.898406001115333,
      30.38247884851917,
      30.420360330876356,
      30.534770060419767,
      30.49650593682664,
      30.57303418401287,
      30.044921681939936,
      30.53351037189265,
      30.384121178282218
    ],
    [
      30.155182301551363,
      30.573034184012872,
      30.534770060419756,
      30.345474413453175,
      30.458624454469472,
      48.25080389287672,
      30.194200266643374,
      30.455854450708618,
      30.72091306238957,
      30.081938713891223,
      30.420360330876356,
      29.898406001115333,
      30.38247884851917,
      30.420360330876356,
      30.534770060419767,
      30.49650593682664,
      30.57303418401287,
      30.044921681939936,
      30.53351037189265,
      30.384121178282218
    ],
    [
      0.0,
      0.0,
      0.0,
      0.0,
      0.0,
      0.0,
      0.07439266728024307,
      0.0,
      0.0,
      0.0,
      0.0,
      0.0,
      0.0,
      0.0,
      0.0,
      0.0,
      0.0,
      0.0,
      0.0,
      0.0
    ],
    [
      0.0,
      0.0,
      0.0,
      0.0,
      0.0,
      0.0,
      0.0,
      0.0,
      0.0,
      0.0,
      0.0,
      0.0,
      0.0,
      0.0,
      0.0,
      0.0,
      0.0,
      0.0,
      0.0,
      0.0
    ]
  ],