{
  "two_stage_regret": [
    41.42366890259782,
    41.37448530252242,
    41.172697542546864,
    40.95617490551289,
    44.29045773846148,
    41.40038486397008,
    41.02051257349193,
    41.11972809746191,
    40.9849342351639,
    40.998398336462266,
    41.21959054303664,
    41.03781452226466,
    41.170618112170274,
    41.03781452226466,
    41.370128840038554,
    41.028613242334586,
    41.37448530252242,
    41.24808618042225,
    41.37859710844225,
    41.17061811217028
  ],
  "random_regret": [
    [
      0.0,
      0.0,
      0.023284038627743198,
      0.0,
      0.1385423582389349,
      0.02328403862774331,
      0.0,
      0.023284038627743087,
      0.09220712136972598,
      0.04660919531468499,
      0.0,
      0.050405924729840956,
      0.06966039355615061,
      0.0,
      0.046568077255486395,
      0.0,
      0.023284038627743198,
      0.046568077255486395,
      0.0,
      0.046568077255486395
    ],
    [
      0.0,
      0.0,
      0.0,
      0.0,
      0.0,
      0.0,
      0.0,
      0.0,
      0.0,
      0.00019213350767133264,
      0.0,
      0.0,
      0.0,
      0.07398220377669262,
      0.0,
      0.0,
      0.0,
      0.0,
      0.0,
      0.0
    ],
    [
      0.0,
      0.05479168909514698,
      0.05067988317531669,
      0.13616008698589477,
      0.1385423582389349,
      0.0506798831753168,
      0.0,
      0.13177432262058852,
      0.14699881046487295,
      0.04660919531468499,
      0.02739584454757349,
      0.1630080146425168,
      0.06966039355615061,
      0.08191357519724485,
      0.046568077255486395,
      0.05451773064967125,
      0.05067988317531669,
      0.07392280374386162,
      0.05479168909514698,
      0.046568077255486395
    ],
    [
      0.008223611839660583,
      0.0,
      0.00411180591983018,
      0.0,
      0.0,
      0.004111805919830291,
      0.020476793480754818,
      0.0,
      0.0,
      0.012212474762488101,
      0.004111805919830291,
      0.008182493780462208,
      0.004111805919830291,
      0.0,
      0.0,
      0.020394968542950087,
      0.00411180591983018,
      0.008182493780462097,
      0.008223611839660583,
      0.0
    ],
    [
      0.008223611839660583,
      0.0,
      0.00411180591983018,
      0.0,
      0.0,
      0.004111805919830291,
      0.020476793480754818,
      0.0,
      0.0,
      0.012212474762488101,
      0.004111805919830291,
      0.008182493780462208,
      0.004111805919830291,
      0.0,
      0.0,
      0.020394968542950087,
      0.00411180591983018,
      0.008182493780462097,
      0.008223611839660583,
      0.0
    ],
    [
      0.008223611839660583,
      0.0,
      0.00411180591983018,
      0.0,
      0.0,
      0.004111805919830291,
      0.020476793480754818,
      0.0,
      0.0,
      0.012212474762488101,
      0.004111805919830291,
      0.008182493780462208,
      0.004111805919830291,
      0.0,
      0.0,
      0.020394968542950087,
      0.00411180591983018,
      0.008182493780462097,
      0.008223611839660583,
      0.0
    ],
    [
      0.008223611839660583,
      0.0,
      0.00411180591983018,
      0.0,
      0.0,
      0.004111805919830291,
      0.020476793480754818,
      0.0,
      0.0,
      0.012212474762488101,
      0.004111805919830291,
      0.008182493780462208,
      0.004111805919830291,
      0.0,
      0.0,
      0.020394968542950087,
      0.00411180591983018,
      0.008182493780462097,
      0.008223611839660583,
      0.0
    ],
    [
      41.42366890259782,
      41.37448530252242,
      41.21093211057341,
      40.95617490551289,
      62.871120317190865,
      41.40061770435636,
      41.02051257349193,
      41.143012136089645,
      40.9849342351639,
      40.998398336462266,
      41.21959054303664,
      41.0882204469945,
      41.170618112170274,
      41.03781452226466,
      41.431265101012585,
      41.028613242334586,
      41.37448530252242,
      41.3177054559192,
      41.37859710844225,
      41.193902150798024
    ],
    [
      0.0,
      0.0,
      0.0,
      0.0,
      0.0,
      0.0,
      0.0,
      0.0,
      0.07895519876043577,
      0.0,
      0.0,
      0.0,
      0.0,
      0.07398220377669262,
      0.0,
      0.0,
      0.0,
      0.0,
      0.0,
      0.0
    ],
    [
      0.008223611839660583,
      0.0,
      0.00411180591983018,
      0.0,
      0.0,
      0.004111805919830291,
      0.1350103305692265,
      0.0,
      0.0,
      0.012212474762488101,
      0.004111805919830291,
      0.008182493780462208,
      0.004111805919830291,
      0.0,
      0.0,
      0.020394968542950087,
      0.00411180591983018,
      0.008182493780462097,
      0.008223611839660583,
      0.0
    ],
    [
      0.0,
      0.0,
      0.0,
      0.0,
      0.0,
      0.0,
      0.0,
      0.0,
      0.07895519876043577,
      0.00019213350767133264,
      0.0,
      0.0,
      0.0,
      0.07398220377669262,
      0.0,
      0.0,
      0.0,
      0.0,
      0.0,
      5.0588667696821785
    ],
    [
      0.008223611839660583,
      0.05479168909514698,
      0.05479168909514698,
      0.13616008698589477,
      0.1385423582389349,
      0.05479168909514709,
      0.020476793480754818,
      0.13177432262058852,
      0.14699881046487295,
      0.06289235793780468,
      0.03150765046740378,
      0.1630080146425168,
      0.07784288733661271,
      0.08191357519724485,
      0.046568077255486395,
      0.06270022443013346,
      0.05479168909514687,
      0.07803460966369191,
      0.06301530093480745,
      0.046568077255486395
    ],
    [
      0.008223611839660583,
      0.0,
      0.00411180591983018,
      0.0,
      0.0,
      0.004111805919830291,
      0.020476793480754818,
      0.0,
      0.0,
      0.012212474762488101,
      0.004111805919830291,
      0.008182493780462208,
      0.004111805919830291,
      0.0,
      0.0,
      0.020394968542950087,
      0.00411180591983018,
      0.008182493780462097,
      0.008223611839660583,
      0.0
    ],
    [
      0.008223611839660583,
      0.05479168909514698,
      0.03150765046740367,
      0.13616008698589477,
      0.0,
      0.03150765046740378,
      0.020476793480754818,
      0.10849028399284544,
      0.02739584454757349,
      0.03960831931006159,
      0.03150765046740378,
      0.11667277777330787,
      0.03150765046740378,
      0.08191357519724485,
      0.0,
      0.020394968542950087,
      0.03150765046740367,
      0.008182493780462097,
      0.06301530093480745,
      0.0
    ],
    [
      0.0,
      0.0,
      0.0,
      0.0,
      0.0,
      0.0,
      0.0,
      0.0,
      0.0,
      0.0,
      0.0,
      0.0,
      0.0,
      0.07398220377669262,
      0.0,
      0.0,
      0.0,
      0.0,
      0.0,
      0.0
    ],
    [
      0.008223611839660583,
      0.0,
      0.00411180591983018,
      5.4274781903887845,
      0.0,
      0.004111805919830291,
      0.1350103305692265,
      0.0,
      0.0,
      0.012212474762488101,
      0.004111805919830291,
      0.008182493780462208,
      0.004111805919830291,
      0.0,
      0.0,
      0.020394968542950087,
      0.00411180591983018,
      0.008182493780462097,
      0.008223611839660583,
      0.0
    ],
    [
      41.42366890259782,
      41.37448530252242,
      41.18788091233194,
      40.95617490551289,
      0.0,
      41.40038486397008,
      41.02051257349193,
      41.11972809746191,
      40.9849342351639,
      40.998398336462266,
      41.21959054303664,
      41.03781452226466,
      41.170618112170274,
      41.03781452226466,
      41.38516037612579,
      41.028613242334586,
      41.37448530252242,
      41.24808618042225,
      41.37859710844225,
      41.17061811217028
    ],
    [
      0.008223611839660583,
      0.0,
      0.00411180591983018,
      0.0,
      0.0,
      0.004111805919830291,
      0.1350103305692265,
      0.0,
      0.0,
      0.012212474762488101,
      0.004111805919830291,
      0.008182493780462208,
      0.004111805919830291,
      0.0,
      0.0,
      0.020394968542950087,
