{
  "two_stage_regret": [
    0.0,
    0.0,
    0.0,
    0.0,
    0.0,
    0.0,
    0.0,
    0.0,
    0.0,
    0.0,
    0.0,
    0.0,
    0.0,
    0.0,
    0.0,
    0.0,
    0.0,
    0.0,
    0.0,
    0.0
  ],
  "random_regret": [
    [
      63.23103442919776,
      63.12733309847271,
      62.8319644658439,
      62.87284985185765,
      62.871120317190865,
      63.2036385846502,
      0.0,
      62.86846408749235,
      62.874213336961084,
      62.91507328280703,
      63.03106787555642,
      62.89558597359444,
      63.08729305851504,
      62.92709362406185,
      63.11761320353312,
      62.70420444631395,
      63.23225675385222,
      63.0924635392137,
      63.05825900028225,
      63.051673602127806
    ],
    [
      0.008223611839660583,
      0.0,
      0.00411180591983018,
      0.0,
      0.0,
      0.004111805919830291,
      0.020476793480754818,
      0.0,
      0.0,
      0.012212474762488101,
      0.004111805919830291,
      0.008182493780462208,
      0.004111805919830291,
      0.0,
      0.0,
      0.020394968542950087,
      0.00411180591983018,
      0.008182493780462097,
      0.008223611839660583,
      0.0
    ],
    [
      41.42366890259782,
      41.37448530252242,
      41.18788091233194,
      40.95617490551289,
      0.0,
      41.40038486397008,
      41.02051257349193,
      41.11972809746191,
      40.9849342351639,
      40.998398336462266,
      41.21959054303664,
      41.03781452226466,
      41.170618112170274,
      41.03781452226466,
      41.38516037612579,
      41.028613242334586,
      41.37448530252242,
      41.24808618042225,
      41.37859710844225,
      41.17061811217028
    ],
    [
      0.008223611839660583,
      27.88074333010679,
      44.45680729115188,
      33.04271911723029,
      38.65819344711845,
      5.55704326356449,
      0.1350103305692265,
      27.516950663746925,
      0.0,
      38.67475056818704,
      38.89183096884158,
      0.008182493780462208,
      0.004111805919830291,
      0.0,
      5.5255356130970865,
      16.45774987800925,
      39.04261392240753,
      44.48851692185657,
      44.659817786962485,
      0.0
    ],
    [
      0.008223611839660583,
      0.05479168909514698,
      0.03150765046740367,
      0.13616008698589477,
      0.0,
      0.03150765046740378,
      0.020476793480754818,
      0.10849028399284544,
      0.07784288733661282,
      0.03960831931006159,
      0.03150765046740378,
      0.11667277777330787,
      0.03150765046740378,
      0.08191357519724485,
      0.0,
      0.020394968542950087,
      0.03150765046740367,
      0.008182493780462097,
      0.06301530093480745,
      0.0
    ],
    [
      0.0,
      0.0,
      0.0,
      0.0,
      0.0,
      0.0,
      0.0,
      0.0,
      0.0,
      0.00019213350767133264,
      0.0,
      0.0,
      0.0,
      0.0,
      0.0,
      0.0,
      0.0,
      0.0,
      0.0,
      0.0
    ],
    [
      0.008223611839660583,
      0.05479168909514698,
      0.03150765046740367,
      0.13616008698589477,
      0.0,
      0.03150765046740378,
      0.020476793480754818,
      0.10849028399284544,
      0.07784288733661282,
      0.03960831931006159,
      0.03150765046740378,
      0.11667277777330787,
      0.03150765046740378,
      0.08191357519724485,
      0.0,
      0.020394968542950087,
      0.03150765046740367,
      0.008182493780462097,
      0.06301530093480745,
      0.0
    ],
    [
      0.008223611839660583,
      0.05479168909514698,
      0.05479168909514698,
      0.13616008698589477,
      0.1385423582389349,
      0.05479168909514709,
      0.020476793480754818,
      0.29226075089800374,
      0.14699881046487295,
      0.06289235793780468,
      0.03150765046740378,
      0.32372728330620926,
      0.07784288733661271,
      0.08191357519724485,
      0.046568077255486395,
      0.04372012522989166,
      0.05479168909514687,
      0.07803460966369191,
      0.06301530093480745,
      0.046568077255486395
    ],
    [
      0.0,
      0.0,
      0.023284038627743198,
      0.0,
      0.1385423582389349,
      0.02328403862774331,
      0.0,
      0.023284038627743087,
      0.09220712136972598,
      0.04660919531468499,
      0.0,
      0.0,
      0.06966039355615061,
      0.07398220377669262,
      0.046568077255486395,
      0.0,
      0.023284038627743198,
      0.046568077255486395,
      0.0,
      0.046568077255486395
    ],
    [
      0.0,
      0.05479168909514698,
      0.05067988317531669,
      0.13616008698589477,
      0.318201019224263,
      0.0506798831753168,
      0.0,
      0.13177432262058852,
      0.14699881046487295,
      0.04660919531468499,
      0.02739584454757349,
      0.13177432262058875,
      0.06966039355615061,
      0.08191357519724485,
      0.046568077255486395,
      0.05451773064967125,
      0.05067988317531669,
      0.07392280374386162,
      0.05479168909514698,
      0.046568077255486395
    ],
    [
      0.008223611839660583,
      0.0,
      0.00411180591983018,
      0.0,
      0.0,
      0.004111805919830291,
      0.020476793480754818,
      0.0,
      0.0,
      0.012212474762488101,
      0.004111805919830291,
      0.008182493780462208,
      0.004111805919830291,
      0.0,
      0.0,
      0.020394968542950087,
      0.00411180591983018,
      0.008182493780462097,
      0.008223611839660583,
      0.0
    ],
    [
      41.42366890259782,
      41.37448530252242,
      41.18788091233194,
      40.95617490551289,
      0.0,
      41.40038486397008,
      41.02051257349193,
      41.11972809746191,
      40.9849342351639,
      40.998398336462266,
      41.21959054303664,
      41.03781452226466,
      41.170618112170274,
      41.03781452226466,
      41.38516037612579,
      41.028613242334586,
      41.37448530252242,
      41.24808618042225,
      41.37859710844225,
      41.17061811217028
    ],
    [
      41.42366890259782,
      41.37448530252242,
      41.21093211057341,
      40.95617490551289,
      0.1385423582389349,
      41.40061770435636,
      41.02051257349193,
      41.143012136089645,
      40.9849342351639,
      40.998398336462266,
      41.21959054303664,
      41.03781452226466,
      41.170618112170274,
      41.03781452226466,
      41.431265101012585,
      41.028613242334586,
      41.37448530252242,
      41.3177054559192,
      41.37859710844225,
      41.193902150798024
    ],
    [
      25.812628585049954,
      0.0,
      36.00929454667875,
      20.268932254251677,
      0.1385423582389349,
      25.8359126236777,
      41.02051257349193,
      0.023284038627743087,
      40.9849342351639,
      20.311155685201058,
      0.0,
      10.1062751728009,
      41.170618112170274,
      0.07398220377669262,
      25.831800817757873,
      41.028613242334586,
      5.141709803290475,
      0.046568077255486395,
      0.0,
      25.55393492428163
    ],
    [
      0.008223611839660583,
      0.05479168909514698,
      0.05479168909514698,
      0.13616008698589477,
      0.318201019224263,
      0.05479168909514709,
      0.020476793480754818,
      0.13177432262058852,
      0.14699881046487295,
      0.06289235793780468,
      0.03150765046740378,
      0.1630080146425168,
      0.07784288733661271,
      0.08191357519724485,
      0.046568077255486395,
      0.06270022443013346,
      0.05479168909514687,
      0.07803460966369191,
      0.06301530093480745,
      0.046568077255486395
    ],
    [
      0.0,
      0.0,
      0.0,
      0.0,
      0.0,
      0.0,
      0.0,
      0.0,
      0.0,
      0.0,
      0.0,
      0.0,
      0.0,
      0.0,
      0.0,
      0.0,
      0.0,
      0.0,
      0.0,
      0.0
    ],
    [
      0.0,
      0.0,
      0.0,
      0.0,
      0.0,
      0.0,
      0.0,
      0.0,
      0.07895519876043577,
      0.0,
      0.0,
      0.0,
      0.0,
      0.07398220377669262,
      0.0,
      0.0,
      0.0,
      0.0,
      0.0,
      0.0
    ],
    [
      63.23103442919776,
      63.12733309847271,
      62.84417694060639,
