{
  "two_stage_regret": [
    0.0,
    0.0
  ],
  "random_regret": [
    [
      0.0,
      0.0
    ],
    [
      0.0,
      0.0
    ],
    [
      0.0,
      0.0
    ],
    [
      30.155182301551363,
      30.573034184012872
    ],
    [
      30.155182301551363,
      30.573034184012872
    ],
    [
      0.0,
      0.0
    ],
    [
      30.155182301551363,
      30.573034184012872
    ],
    [
      30.155182301551363,
      30.573034184012872
    ],
    [
      0.0,
      0.0
    ],
    [
      0.0,
      0.0
    ],
    [
      30.155182301551363,
      30.573034184012872
    ],
    [
      30.155182301551363,
      30.573034184012872
    ],
    [
      0.0,
      0.0
    ],
    [
      0.0,
      0.0
    ],
    [
      0.0,
      0.0
    ],
    [
      0.0,
      0.0
    ],
    [
      30.155182301551363,
      30.573034184012872
    ],
    [
      0.0,
      0.0
    ],
    [
      30.155182301551363,
      30.573034184012872
    ],
    [
      0.0,
      0.0
    ]
  ],
  "two_stage_mean": 0.0,
  "random_mean": 12.145643297112846,
  "num_atoms_selected": 5,
  "num_envs_used": 1,
  "used_envs": [
    0
  ],
  "U_q_raw": 3,
  "U_q_unique": 3,
  "U_atoms_raw": 5,
  "U_union_unique": 5,
  "atom_implied_unique": 2,
  "config": {
    "seed": 100,
    "n_envs": 2,
    "mdp_size": 3,
    "feature_dim": 3,
    "feedback": [
      "pairwise"
    ],
    "demo_env_fraction": 1.0,
    "total_budget": 10000,
    "random_trials": 20,
    "birl": {
      "beta": 10.0,
      "samples": 1000,
      "stepsize": 0.2
    }
  }
}