{
  "two_stage_regret": [
    63.23103442919776,
    63.12733309847271,
    62.84417694060639,
    62.87284985185765,
    62.871120317190865
  ],
  "random_regret": [
    [
      63.23103442919776,
      63.12733309847271,
      62.84417694060639,
      62.87284985185765,
      62.871120317190865
    ],
    [
      0.008223611839660583,
      0.05479168909514698,
      0.03150765046740367,
      0.13616008698589477,
      0.0
    ],
    [
      44.69259528141776,
      44.654524363266816,
      44.45680729115188,
      44.38074594094685,
      44.29045773846148
    ],
    [
      0.0,
      0.05479168909514698,
      0.05067988317531669,
      0.13616008698589477,
      0.318201019224263
    ],
    [
      41.42366890259782,
      41.37448530252242,
      41.18788091233194,
      40.95617490551289,
      0.0
    ],
    [
      41.42366890259782,
      41.37448530252242,
      41.18788091233194,
      40.95617490551289,
      0.0
    ],
    [
      0.008223611839660583,
      0.05479168909514698,
      0.05479168909514698,
      0.13616008698589477,
      0.1385423582389349
    ],
    [
      0.0,
      0.05479168909514698,
      0.05067988317531669,
      0.13616008698589477,
      0.318201019224263
    ],
    [
      0.0,
      0.0,
      0.0,
      0.0,
      0.0
    ],
    [
      44.69259528141776,
      44.627128518719246,
      44.45680729115188,
      44.298832365749604,
      44.29045773846148
    ],
    [
      0.008223611839660583,
      0.05479168909514698,
      0.05479168909514698,
      0.13616008698589477,
      0.1385423582389349
    ],
    [
      44.69259528141776,
      44.654524363266816,
      44.45680729115188,
      44.38074594094685,
      44.29045773846148
    ],
    [
      0.0,
      0.05479168909514698,
      0.05067988317531669,
      0.13616008698589477,
      0.318201019224263
    ],
    [
      47.002082130604784,
      53.97344592038952,
      44.45680729115188,
      46.713283988375345,
      44.29045773846148
    ],
    [
      0.008223611839660583,
      0.05479168909514698,
      0.05479168909514698,
      0.13616008698589477,
      0.318201019224263
    ],
    [
      63.23103442919776,
      63.12733309847271,
      62.77446095017352,
      62.87284985185765,
      62.871120317190865
    ],
    [
      0.0,
      0.0,
      0.0,
      0.0,
      0.0
    ],
    [
      0.008223611839660583,
      0.05479168909514698,
      0.03150765046740367,
      5.509391765586028,
      0.0
    ],
    [
      41.42366890259782,
      41.37448530252242,
      41.18788091233194,
      40.95617490551289,
      0.0
    ],
    [
      41.42366890259782,
      41.37448530252242,
      41.18788091233194,
      40.95617490551289,
      0.0
    ]
  ],
  "two_stage_mean": 62.989302927465076,
  "random_mean": 22.022155956286184,
  "num_atoms_selected": 4,
  "num_envs_used": 2,
  "used_envs": [
    2,
    3
  ],
  "U_q_raw": 3,
  "U_q_unique": 3,
  "U_atoms_raw": 4,
  "U_union_unique": 4,
  "atom_implied_unique": 1,
  "config": {
    "seed": 10,
    "n_envs": 5,
    "mdp_size": 3,
    "feature_dim": 3,
    "feedback": [
      "pairwise"
    ],
    "demo_env_fraction": 1.0,
    "total_budget": 100000,
    "random_trials": 20,
    "birl": {
      "beta": 10.0,
      "samples": 1000,
      "stepsize": 0.2
    }
  }
}