{
  "two_stage_regret": [
    63.23103442919776,
    63.12733309847271,
    62.8319644658439,
    62.87284985185765,
    62.871120317190865
  ],
  "random_regret": [
    [
      41.42366890259782,
      41.37448530252242,
      41.172697542546864,
      40.95617490551289,
      44.29045773846148
    ],
    [
      42.57118886832697,
      41.37448530252242,
      41.172697542546864,
      40.95617490551289,
      44.29045773846148
    ],
    [
      44.69259528141776,
      44.627128518719246,
      44.45680729115188,
      44.298832365749604,
      44.29045773846148
    ],
    [
      63.23103442919776,
      63.12733309847271,
      62.8319644658439,
      62.87284985185765,
      62.871120317190865
    ],
    [
      41.42366890259782,
      41.37448530252242,
      41.18788091233194,
      40.95617490551289,
      44.29045773846148
    ],
    [
      0.008223611839660583,
      0.05479168909514698,
      0.05479168909514698,
      0.13616008698589477,
      0.318201019224263
    ],
    [
      63.23103442919776,
      63.12733309847271,
      62.84417694060639,
      62.87284985185765,
      62.871120317190865
    ],
    [
      41.42366890259782,
      41.37448530252242,
      41.18788091233194,
      40.95617490551289,
      0.0
    ],
    [
      44.69259528141776,
      44.627128518719246,
      44.42534075874368,
      44.298832365749604,
      44.29045773846148
    ],
    [
      63.23103442919776,
      63.12733309847271,
      62.8319644658439,
      62.87284985185765,
      62.871120317190865
    ],
    [
      63.23103442919776,
      63.12733309847271,
      62.84417694060639,
      62.87284985185765,
      62.871120317190865
    ],
    [
      44.69259528141776,
      44.654524363266816,
      44.45680729115188,
      44.38074594094685,
      44.29045773846148
    ],
    [
      44.69259528141776,
      44.654524363266816,
      44.45680729115188,
      44.38074594094685,
      44.29045773846148
    ],
    [
      0.0,
      0.0,
      0.0,
      0.0,
      0.0
    ],
    [
      41.42366890259782,
      41.37448530252242,
      41.21093211057341,
      40.95617490551289,
      62.871120317190865
    ],
    [
      44.69259528141776,
      44.627128518719246,
      44.45680729115188,
      44.298832365749604,
      44.29045773846148
    ],
    [
      0.0,
      0.05479168909514698,
      0.05067988317531669,
      0.13616008698589477,
      0.318201019224263
    ],
    [
      44.69259528141776,
      44.654524363266816,
      44.45680729115188,
      44.38074594094685,
      44.29045773846148
    ],
    [
      63.23103442919776,
      63.12733309847271,
      62.806946268731345,
      62.87284985185765,
      62.871120317190865
    ],
    [
      41.42366890259782,
      41.37448530252242,
      41.21093211057341,
      40.95617490551289,
      62.871120317190865
    ]
  ],
  "two_stage_mean": 62.98686043251257,
  "random_mean": 41.59724436849972,
  "num_atoms_selected": 0,
  "num_envs_used": 0,
  "used_envs": [],
  "U_q_raw": 3,
  "U_q_unique": 3,
  "U_atoms_raw": 3,
  "U_union_unique": 3,
  "atom_implied_unique": 0,
  "config": {
    "seed": 10,
    "n_envs": 5,
    "mdp_size": 3,
    "feature_dim": 3,
    "feedback": [
      "pairwise"
    ],
    "demo_env_fraction": 1.0,
    "total_budget": 10,
    "random_trials": 20,
    "birl": {
      "beta": 10.0,
      "samples": 1000,
      "stepsize": 0.2
    }
  }
}