{
  "two_stage_regret": [
    0.0,
    0.0,
    0.0,
    0.0,
    0.0,
    0.0,
    0.0,
    0.0,
    0.0,
    0.0,
    0.0,
    0.0,
    0.0,
    0.0,
    0.0,
    0.0,
    0.0,
    0.0,
    0.0,
    0.0
  ],
  "random_regret": [
    [
      48.14480707433615,
      49.11560335526064,
      49.191748961210926,
      48.003537407677214,
      47.80348343906088,
      48.25080389287672,
      48.21505063168441,
      47.510178169532644,
      47.62307758384231,
      47.50130097466988,
      48.098644695505435,
      47.55646899533937,
      49.00119362571723,
      48.04015920150729,
      49.19174896121093,
      48.59639132922285,
      48.8560764220498,
      47.361916649920005,
      49.00119362571723,
      48.257957115352454
    ],
    [
      0.0,
      0.0,
      0.0,
      0.0,
      0.0,
      0.0,
      0.07439266728024307,
      0.0,
      0.0,
      0.0,
      0.0,
      0.0,
      0.0,
      0.0,
      0.0,
      0.0,
      0.0,
      0.0,
      0.0,
      0.0
    ],
    [
      0.0,
      0.0,
      0.0,
      0.0,
      0.0,
      0.0,
      0.07439266728024307,
      0.0,
      0.0,
      0.0,
      0.0,
      0.0,
      0.0,
      0.0,
      0.0,
      0.0,
      0.0,
      0.0,
      0.0,
      0.0
    ],
    [
      0.0,
      0.0,
      0.0,
      0.0,
      0.0,
      0.0,
      0.07439266728024307,
      0.0,
      0.0,
      0.0,
      0.0,
      0.0,
      0.0,
      0.0,
      0.0,
      0.0,
      0.0,
      0.0,
      0.0,
      0.0
    ],
    [
      0.0,
      0.0,
      0.0,
      0.11276739978036687,
      0.0,
      0.0,
      0.2987997928431767,
      0.22440712556292652,
      0.0,
      0.0,
      0.11163972578255965,
      0.0,
      0.0,
      0.11276739978036687,
      0.0,
      0.0,
      0.0,
      0.0,
      0.0,
      0.22440712556293363
    ],
    [
      0.0,
      0.0,
      0.0,
      0.0,
      0.0,
      0.0,
      0.07439266728024307,
      0.0,
      0.0,
      0.0,
      0.0,
      0.0,
      0.0,
      0.0,
      0.0,
      0.0,
      0.0,
      0.0,
      0.0,
      0.0
    ],
    [
      0.0,
      0.0,
      0.0,
      0.11276739978036687,
      0.0,
      0.0,
      0.2987997928431767,
      0.22440712556292652,
      0.0,
      0.0,
      0.11163972578255965,
      0.0,
      0.0,
      0.11276739978036687,
      0.0,
      0.0,
      0.0,
      0.0,
      0.0,
      0.22440712556293363
    ],
    [
      120.52297824719992,
      48.96292950212412,
      48.72086818764191,
      120.33368260023335,
      119.06297945262347,
      120.22242551568671,
      119.88185572191031,
      120.33242291170623,
      120.52297824719992,
      119.88236156893853,
      120.40856851765653,
      119.47329405660192,
      48.96292950212411,
      120.18416139209359,
      119.32777484071252,
      120.6740097705734,
      60.412506277456316,
      119.95975426653065,
      120.7122738941665,
      120.33406524146928
    ],
    [
      0.0,
      0.0,
      0.0,
      0.0,
      0.0,
      0.0,
      0.07439266728024307,
      0.0,
      0.0,
      0.0,
      0.0,
      0.0,
      0.0,
      0.0,
      0.0,
      0.0,
      0.0,
      0.0,
      0.0,
      0.0
    ],
    [
      0.0,
      0.0,
      0.0,
      0.0,
      0.0,
      0.0,
      0.07439266728024307,
      0.0,
      0.0,
      0.0,
      0.0,
      0.0,
      0.0,
      0.0,
      0.0,
      0.0,
      0.0,
      0.0,
      0.0,
      0.0
    ],
    [
      0.0,
      0.0,
      0.0,
      0.0,
      0.0,
      0.0,
      0.07439266728024307,
      0.0,
      0.0,
      0.0,
      0.0,
      0.0,
      0.0,
      0.0,
      0.0,
      0.0,
      0.0,
      0.0,
      0.0,
      0.0
    ],
    [
      0.0,
      0.0,
      0.0,
      0.11276739978036687,
      0.0,
      0.0,
      0.2987997928431767,
      0.22440712556292652,
      0.0,
      0.0,
      0.11163972578255965,
      0.0,
      0.0,
      0.11276739978036687,
      0.0,
      0.0,
      0.0,
      0.0,
      0.0,
      0.22440712556293363
    ],
    [
      0.0,
      0.0,
      0.0,
      0.0,
      0.0,
      0.0,
      0.07439266728024307,
      0.0,
      0.0,
      0.0,
      0.0,
      0.0,
      0.0,
      0.0,
      0.0,
      0.0,
      0.0,
      0.0,
      0.0,
      0.0
    ],
    [
      0.0,
      0.0,
      0.0,
      0.11276739978036687,
      0.0,
      0.0,
      0.2987997928431767,
      0.22440712556292652,
      0.0,
      0.0,
      0.11163972578255965,
      0.0,
      0.0,
      0.11276739978036687,
      0.0,
      0.0,
      0.0,
      0.0,
      0.0,
      0.22440712556293363
    ],
    [
      0.0,
      0.0,
      0.0,
      0.11276739978036687,
      0.0,
      0.0,
      0.2987997928431767,
      0.22440712556292652,
      0.0,
      0.0,
      0.11163972578255965,
      0.0,
      0.0,
      0.11276739978036687,
      0.0,
      0.0,
      0.0,
      0.0,
      0.0,
      0.22440712556293363
    ],
    [
      30.155182301551363,
      30.573034184012872,
      30.534770060419756,
      30.156561407722513,
      30.458624454469472,
      0.0,
      30.194200266643374,
      30.455854450708618,
      30.72091306238957,
      30.081938713891223,
      30.420360330876356,
      29.898406001115333,
      30.38247884851917,
      30.420360330876356,
      30.534770060419767,
      30.49650593682664,
      30.57303418401287,
      30.044921681939936,
      30.53351037189265,
      30.384121178282218
    ],
    [
      0.0,
      0.0,
      0.0,
      0.0,
      0.0,
      0.0,
      0.07439266728024307,
      0.0,
      0.0,
      0.0,
      0.0,
      0.0,
      0.0,
      0.0,
      0.0,
      0.0,
      0.0,
      0.0,
      0.0,
      0.0
    ],
    [
      120.52297824719992,
      0.0,
      0.0,
      120.33368260023335,
      119.06297945262347,
      120.22242551568671,
      119.88185572191031,
      120.33242291170623,
      120.52297824719992,
      119.88236156893853,
      120.40856851765653,
      119.47329405660192,
      0.0,
      120.18416139209359,
      74.98916985926897,
      120.6740097705734,
      60.412506277456316,
      97.60428058844346,
      120.7122738941665,
      120.33406524146928
    ],
    [
      48.068661468385855,
      48.96292950212412,
      49.03907510807441,
      48.22794453324015,
      47.76521931546777,
      48.25080389287672,
      48.1767865080913,
      47.73458529509557,
      47.58632377548294,
      47.53792276849995,
      48.02211644831921,
      48.03966096903967,
      48.96292950212411,
      47.963132721853455,
      49.30174635723046,
      48.82079845478578,
      49.080100906376806,
      47.28577104396971,
      48.96292950212411,
      48.442589802088534
    ],
    [
      0.0,
      0.0,
      0.0,
      0.0,
      0.0,
      0.0,
      0.07439266728024307,
      0.0,
      0.0,
      0.0,
      0.0,
      0.0,
      0.0,
      0.0,
      0.0,
      0.0,
      0.0,
      0.0,
      0.0,
      0.0
    ]
  ],
  "two_stage_mean": 0.0,
  "random_mean": 16.39797405227689,
  "num_atoms_selected": 2,
  "num_envs_used": 1,
  "used_envs": [
    6
  ],
  "U_q_raw": 3,
  "U_q_unique": 3,
  "U_atoms_raw": 3,
  "U_union_unique": 3,
  "atom_implied_unique": 0,
  "config": {
    "seed": 100,
    "n_envs": 20,
    "mdp_size": 3,
    "feature_dim": 3,
    "feedback": [
      "demo"
    ],
    "demo_env_fraction": 1.0,
    "total_budget": 0,
    "random_trials": 20,
    "birl": {
      "beta": 10.0,
      "samples": 2000,
      "stepsize": 0.2
    }
  }
}