{
  "two_stage_regret": [
    0.0,
    0.0,
    0.0,
    0.0,
    0.0,
    0.0,
    0.0,
    0.0,
    0.0,
    0.0,
    0.0,
    0.0,
    0.0,
    0.0,
    0.0,
    0.0,
    0.0,
    0.0,
    0.0,
    0.0
  ],
  "random_regret": [
    [
      0.0,
      0.0,
      0.0,
      0.0,
      0.0,
      0.0,
      0.07439266728024307,
      0.0,
      0.0,
      0.0,
      0.0,
      0.0,
      0.0,
      0.0,
      0.0,
      0.0,
      0.0,
      0.0,
      0.0,
      0.0
    ],
    [
      30.455735033064585,
      30.573034184012872,
      30.534770060419756,
      30.345474413453175,
      30.458624454469472,
      48.25080389287672,
      30.194200266643374,
      30.455854450708618,
      30.871944585763046,
      30.081938713891223,
      30.420360330876356,
      29.898406001115333,
      30.38247884851917,
      30.420360330876356,
      30.534770060419767,
      30.7985689835736,
      30.724065707386345,
      30.195953205313415,
      30.835573418639605,
      30.384121178282218
    ],
    [
      30.155182301551363,
      30.573034184012872,
      30.534770060419756,
      30.156561407722513,
      30.458624454469472,
      5.7609163665742145,
      30.194200266643374,
      24.369402546070404,
      15.003558520774583,
      30.081938713891223,
      26.481132366652698,
      25.959178036891675,
      30.38247884851917,
      30.420360330876356,
      30.534770060419767,
      30.49650593682664,
      30.57303418401287,
      30.044921681939936,
      26.632163890026174,
      30.384121178282218
    ],
    [
      0.0,
      0.0,
      0.0,
      0.0,
      0.0,
      0.0,
      0.0,
      0.0,
      0.0,
      0.0,
      0.0,
      0.0,
      0.0,
      0.0,
      0.0,
      0.0,
      0.0,
      0.0,
      0.0,
      0.0
    ],
    [
      30.455735033064585,
      30.573034184012872,
      30.534770060419756,
      30.345474413453175,
      30.458624454469472,
      120.22242551568671,
      30.194200266643374,
      30.455854450708618,
      30.871944585763046,
      30.081938713891223,
      30.420360330876356,
      29.898406001115333,
      30.38247884851917,
      30.420360330876356,
      30.534770060419767,
      30.7985689835736,
      30.724065707386345,
      30.195953205313415,
      30.835573418639605,
      30.384121178282218
    ],
    [
      0.0,
      0.0,
      0.0,
      0.0,
      0.0,
      0.0,
      0.07439266728024307,
      0.0,
      0.0,
      0.0,
      0.0,
      0.0,
      0.0,
      0.0,
      0.0,
      0.0,
      0.0,
      0.0,
      0.0,
      0.0
    ],
    [
      0.0,
      0.0,
      0.0,
      0.0,
      0.0,
      0.0,
      0.07439266728024307,
      0.0,
      0.0,
      0.0,
      0.0,
      0.0,
      0.0,
      0.0,
      0.0,
      0.0,
      0.0,
      0.0,
      0.0,
      0.0
    ],
    [
      0.0,
      0.0,
      0.0,
      0.11276739978036687,
      0.0,
      0.0,
      0.2987997928431767,
      0.22440712556292652,
      0.0,
      0.0,
      0.11163972578255965,
      0.0,
      0.0,
      0.11276739978036687,
      0.0,
      0.0,
      0.0,
      0.0,
      0.0,
      0.22440712556293363
    ],
    [
      0.0,
      0.0,
      0.0,
      0.11276739978036687,
      0.0,
      0.0,
      0.2987997928431767,
      0.22440712556292652,
      0.0,
      0.0,
      0.11163972578255965,
      0.0,
      0.0,
      0.11276739978036687,
      0.0,
      0.0,
      0.0,
      0.0,
      0.0,
      0.22440712556293363
    ],
    [
      30.155182301551363,
      30.573034184012872,
      30.534770060419756,
      30.345474413453175,
      30.458624454469472,
      48.25080389287672,
      30.194200266643374,
      30.455854450708618,
      30.72091306238957,
      30.081938713891223,
      30.420360330876356,
      29.898406001115333,
      30.38247884851917,
      30.420360330876356,
      30.534770060419767,
      30.49650593682664,
      30.57303418401287,
      30.044921681939936,
      30.53351037189265,
      30.384121178282218
    ],
    [
      30.155182301551363,
      30.573034184012872,
      30.534770060419756,
      30.156561407722513,
      30.458624454469472,
      0.0,
      30.194200266643374,
      30.455854450708618,
      30.72091306238957,
      30.081938713891223,
      30.420360330876356,
      29.898406001115333,
      30.38247884851917,
      30.420360330876356,
      30.534770060419767,
      30.49650593682664,
      30.57303418401287,
      30.044921681939936,
      30.53351037189265,
      30.384121178282218
    ],
    [
      0.0,
      0.0,
      0.0,
      0.0,
      0.0,
      0.0,
      0.0,
      0.0,
      0.0,
      0.0,
      0.0,
      0.0,
      0.0,
      0.0,
      0.0,
      0.0,
      0.0,
      0.0,
      0.0,
      0.0
    ],
    [
      0.0,
      0.0,
      0.0,
      0.0,
      0.0,
      0.0,
      0.0,
      0.0,
      0.0,
      0.0,
      0.0,
      0.0,
      0.0,
      0.0,
      0.0,
      0.0,
      0.0,
      0.0,
      0.0,
      0.0
    ],
    [
      30.155182301551363,
      30.573034184012872,
      30.534770060419756,
      30.345474413453175,
      30.458624454469472,
      48.25080389287672,
      30.194200266643374,
      30.455854450708618,
      30.72091306238957,
      30.081938713891223,
      30.420360330876356,
      29.898406001115333,
      30.38247884851917,
      30.420360330876356,
      30.534770060419767,
      30.49650593682664,
      30.57303418401287,
      30.044921681939936,
      30.53351037189265,
      30.384121178282218
    ],
    [
      30.155182301551363,
      30.573034184012872,
      30.534770060419756,
      30.156561407722513,
      30.458624454469472,
      48.25080389287672,
      30.194200266643374,
      30.455854450708618,
      30.72091306238957,
      30.081938713891223,
      30.420360330876356,
      29.898406001115333,
      30.38247884851917,
      30.420360330876356,
      30.534770060419767,
      30.49650593682664,
      30.57303418401287,
      30.044921681939936,
      30.53351037189265,
      30.384121178282218
    ],
    [
      0.0,
      0.0,
      0.0,
      0.0,
      0.0,
      0.0,
      0.07439266728024307,
      0.0,
      0.0,
      0.0,
      0.0,
      0.0,
      0.0,
      0.0,
      0.0,
      0.0,
      0.0,
      0.0,
      0.0,
      0.0
    ],
    [
      0.0,
      0.0,
      0.0,
      0.0,
      0.0,
      0.0,
      0.07439266728024307,
      0.0,
      0.0,
      0.0,
      0.0,
      0.0,
      0.0,
      0.0,
      0.0,
      0.0,
      0.0,
      0.0,
      0.0,
      0.0
    ],
    [
      0.0,
      0.0,
      0.0,
      0.0,
      0.0,
      0.0,
      0.07439266728024307,
      0.0,
      0.0,
      0.0,
      0.0,
      0.0,
      0.0,
      0.0,
      0.0,
      0.0,
      0.0,
      0.0,
      0.0,
      0.0
    ],
    [
      0.0,
      0.0,
      0.0,
      0.11276739978036687,
      0.0,
      0.0,
      0.2987997928431767,
      0.22440712556292652,
      0.0,
      0.0,
      0.11163972578255965,
      0.0,
      0.0,
      0.11276739978036687,
      0.0,
      0.0,
      0.0,
      0.0,
      0.0,
      0.22440712556293363
    ],
    [
      30.155182301551363,
      30.573034184012872,
      30.534770060419756,
      30.156561407722513,
      30.458624454469472,
      0.0,
      30.194200266643374,
      30.455854450708618,
      30.72091306238957,
      30.081938713891223,
      30.420360330876356,
      29.898406001115333,
      30.38247884851917,
      30.420360330876356,
      30.534770060419767,
      30.49650593682664,
      30.57303418401287,
      30.044921681939936,
      30.53351037189265,
      30.384121178282218
    ]
  ],
  "two_stage_mean": 0.0,
  "random_mean": 12.271828129336393,
  "num_atoms_selected": 3,
  "num_envs_used": 2,
  "used_envs": [
    0,
    10
  ],
  "U_q_raw": 3,
  "U_q_unique": 3,
  "U_atoms_raw": 3,
  "U_union_unique": 3,
  "atom_implied_unique": 0,
  "config": {
    "seed": 100,
    "n_envs": 20,
    "mdp_size": 3,
    "feature_dim": 3,
    "feedback": [
      "pairwise"
    ],