{
  "methods": {
    "two_stage": {
      "regret": [
        11.347607446987904,
        11.03259450492385,
        11.084023453690676,
        11.138734313834739,
        11.103460788825181,
        12.11220363802681,
        10.52799109044043,
        11.679148921531155,
        11.059356972004412,
        10.93151200943522,
        10.731579076147238,
        11.314785198275636,
        11.136858832776845,
        10.845600928558838,
        10.478255048068796,
        11.150973211572701,
        11.122560575438452,
        10.908464330874175,
        11.238195639484527,
        11.550929501576078
      ],
      "mean_regret": 11.124741774123686,
      "selection_stats": {
        "num_atoms_selected": 4,
        "num_envs_used": 4,
        "used_envs": [
          0,
          5,
          6,
          10
        ]
      },
      "constraint_stats": {
        "unique_constraints": 4,
        "coverage": 1.0
      }
    },
    "random": {
      "regret": [
        [
          88.34032094130417,
          87.82049097954115,
          88.41460779499565,
          88.23441621079792,
          88.33855545454276,
          88.30649032660368,
          87.62934894549403,
          88.41757416014381,
          87.73463980590081,
          88.03368209230707,
          87.98308243298466,
          88.1746434701779,
          87.91649851644038,
          87.06107342806116,
          87.86172845955042,
          87.41760185042153,
          88.43055112177346,
          87.99071731091587,
          88.23801006122898,
          88.04876975472808
        ],
        [
          0.22896008444164195,
          0.2992859316214087,
          0.13618003215834307,
          0.07393277767132389,
          0.17680479437016317,
          0.00770393902181965,
          0.43063795102037616,
          0.02940269956680197,
          0.1397368169590436,
          0.43776955224380387,
          0.27124517876137944,
          0.1396031312170365,
          0.13287366733561612,
          0.2185118891786928,
          0.559900264306112,
          0.1224671939571067,
          0.07804804523888009,
          0.24458203185250227,
          0.055438668756721654,
          0.17337075277565006
        ],
        [
          0.04175803288691782,
          0.08006735966070622,
          0.0,
          0.02262568162352352,
          0.02262568162352352,
          0.0004634605392723756,
          0.04047403252048554,
          0.0,
          0.0,
          0.1611090193472826,
          0.1748624016763678,
          0.023120709949814966,
          0.0014333010742717534,
          0.08377430021272403,
          0.1261731292879027,
          0.03788365023683582,
          0.03782083034066375,
          0.019500470708536,
          0.0,
          0.020326146564219272
        ],
        [
          0.019068896822815873,
          0.08006735966070622,
          0.0,
          0.02262568162352352,
          0.02262568162352352,
          0.0004634605392723756,
          0.04047403252048554,
          0.0,
          0.0,
          0.1611090193472826,
          0.1748624016763678,
          0.023120709949814966,
          0.0014333010742717534,
          0.08377430021272403,
          0.1261731292879027,
          0.03788365023683582,
          0.03782083034066375,
          0.019500470708536,
          0.0,
          0.020326146564219272
        ],
        [
          0.27328452661013714,
          0.4714621009801192,
          0.223809146672604,
          0.11803559762897464,
          0.17680479437016317,
          0.07396898006372155,
          0.5375712647772453,
          0.05156492065106022,
          0.1583150011944241,
          0.478536078962982,
          0.44637094045215875,
          0.1396031312170365,
          0.13287366733561612,
          0.2846667864503871,
          0.6483275264322685,
          0.1887322349990086,
          0.10021026632313124,
          0.2667442529367534,
          0.09976311092521684,
          0.19531135164905677
        ]
      ],
      "mean_regret": 17.71180561481442,
      "selection_stats": {
        "mdp_counts": [
          4,
          4,
          4,
          4,
          4
        ],
        "mean_mdp_count": 4.0
      },
      "constraint_stats": {
        "constraint_counts": [
          3,
          3,
          3,
          3,
          3
        ],
        "coverages": [
          0.75,
          0.75,
          0.75,
          0.75,
          0.75
        ],
        "mean_unique_constraints": 3.0,
        "mean_coverage": 0.75
      }
    },
    "random_mdp_scot": {
      "regret": [
        [
          88.21963304761334,
          86.90395055260524,
          88.4209532390532,
          88.27198538936626,
          88.34812145060944,
          88.30649032660368,
          87.5946021699282,
          88.42076282549937,
          87.11805247034059,
          87.80975717558371,
          87.25324659468941,
          88.18102080088903,
          87.81220805628134,
          86.75312528623121,
          87.86810579026155,
          87.44604601767061,
          88.43692845248458,
          87.4135616308539,
          88.11724494304485,
          88.06142907505621
        ],
        [
          11.709134846782938,
          11.420690507578989,
          11.221317005703192,
          11.588502702682653,
          11.370217168742059,
          12.426774015582481,
          10.717948035558088,
          11.965425057351926,
          11.178398253430764,
          11.00734304654381,
          10.756929962587048,
          11.484238541324796,
          11.27372081090364,
          10.946750965453678,
          10.503605934508606,
          11.251209305414836,
          11.252681738014378,
          11.081515705148309,
          11.545619074824916,
          12.341341794457488
        ],
        [
          0.0036202392412789663,
          0.07504198622968872,
          0.02756721657354433,
          0.0,
          0.0036202392412789663,
          0.00770393902181965,
          1.123735126850324,
          0.0036202392412789663,
          0.020213673229200424,
          0.04173048700596382,
          0.20893252491430303,
          0.046954622420294356,
          0.004732261271712446,
          0.01132830485878955,
          0.039090130116981925,
          0.0036202392412789663,
          0.014444754572693341,
          0.13157258094336655,
          0.016846942852325242,
          0.01996253559274308
        ],
        [
          11.834440874823407,
          11.539701335845844,
          11.279936742455384,
          30.225589212886312,
          11.410441924855178,
          29.878029801145807,
          10.76008595525645,
          32.66647525784248,
          11.178398253430764,
          11.00734304654381,
          10.756929962587048,
          11.884527757678292,
          11.27372081090364,
          10.946750965453678,
          10.503605934508606,
          11.251209305414836,
          11.252681738014378,
          11.132391227310393,
          11.901920757547526,
          12.493616480852019
        ],
        [
          0.22896008444164195,
          0.34689105612714144,
          0.13069705787564345,
          0.07393277767132389,
          0.12911793756364887,
          0.00770393902181965,
          0.7329783525189164,
          0.02940269956680197,
          0.14912597485682966,
          0.4720893037773024,
          0.3658902708852487,
          0.17161797073834606,
          0.13287366733561612,
          0.16206382475918701,
          0.09065505076802793,
          0.12869957315289327,
          0.040227214898216346,
          0.30499433979528945,
          0.06841186350337836,
          0.17337075277565006
        ]
      ],
      "mean_regret": 22.74722428868068,
      "selection_stats": {
        "mdp_counts": [
          4,
          4,
          4,
          4,
          4
        ],
        "mean_mdp_count": 4.0
      },