{
  "methods": {
    "two_stage": {
      "regret": [
        0.0036202392412789663,
        0.01440855218027437,
        0.02756721657354433,
        0.0,
        0.0036202392412789663,
        0.00770393902181965,
        0.014186929969437045,
        0.0036202392412789663,
        0.010824515331414375,
        0.003620239241282519,
        0.0,
        0.014939782898984788,
        0.004732261271712446,
        0.01132830485878955,
        0.039090130116981925,
        0.0036202392412789663,
        0.014444754572693341,
        0.013291703770583752,
        0.016846942852325242,
        0.01996253559274308
      ],
      "mean_regret": 0.011371438260885113,
      "selection_stats": {
        "num_atoms_selected": 4,
        "num_envs_used": 4,
        "used_envs": [
          0,
          5,
          6,
          10
        ]
      },
      "constraint_stats": {
        "unique_constraints": 4,
        "coverage": 1.0
      }
    },
    "random": {
      "regret": [
        [
          88.4495384020606,
          88.08946210153806,
          88.49445875857768,
          88.41935991325492,
          88.53110225549358,
          88.41914996158005,
          87.84488059716927,
          88.50448753718707,
          88.09733683460806,
          88.19452824702164,
          88.19201513173792,
          88.40170833123153,
          88.18081146676167,
          87.75249844885192,
          87.9196707109126,
          87.47551221513015,
          88.48849337313564,
          88.263510446942,
          88.28892387862942,
          88.21763885555517
        ],
        [
          0.1523475160973149,
          0.25541778977784446,
          0.1320890538842363,
          0.06672850158118138,
          0.08889072266542541,
          0.06672850158117427,
          0.24263650904893197,
          0.04432444216849518,
          0.08864888433699036,
          0.1611090193472826,
          0.3330631419672905,
          0.0667190472673127,
          0.04553612103192961,
          0.21542254578341158,
          0.23566334417029822,
          0.12608929015214443,
          0.05998305142491489,
          0.06330926367052925,
          0.06648666325274633,
          0.08615015940654303
        ],
        [
          0.019068896822815873,
          0.03497943333372788,
          0.0,
          0.0,
          0.0,
          0.0,
          0.0,
          0.0,
          0.0,
          0.07150905754997439,
          0.1748624016763678,
          0.0,
          0.0,
          0.05644806441949868,
          0.03732580201437585,
          0.03788365023683582,
          0.03782083034066375,
          0.019500470708536,
          0.0,
          0.018877579655629972
        ],
        [
          0.04175803288691782,
          0.08006735966070622,
          0.0,
          0.02262568162352352,
          0.02262568162352352,
          0.0004634605392723756,
          0.04047403252048554,
          0.0,
          0.0,
          0.1611090193472826,
          0.1748624016763678,
          0.023120709949814966,
          0.0014333010742717534,
          0.08377430021272403,
          0.10785276965576784,
          0.03788365023683582,
          0.03782083034066375,
          0.019500470708536,
          0.0,
          0.0019337441711861914
        ],
        [
          0.359473529624438,
          0.6529205653877597,
          0.3291166569309354,
          0.16887923313750264,
          0.23126866911996657,
          0.16041149194241555,
          1.4122605366984047,
          0.05156492065106022,
          0.1583150011944241,
          0.478536078962982,
          0.5734042782005453,
          0.17161797073834606,
          0.2945733672894164,
          0.3172219489803396,
          0.8490404909359661,
          0.1887322349990086,
          0.10021026632313124,
          0.3496027279665874,
          0.09976311092521684,
          0.35364863696484505
        ]
      ],
      "mean_regret": 17.754885743859546,
      "selection_stats": {
        "mdp_counts": [
          4,
          4,
          4,
          4,
          4
        ],
        "mean_mdp_count": 4.0
      },
      "constraint_stats": {
        "constraint_counts": [
          3,
          3,
          3,
          3,
          3
        ],
        "coverages": [
          0.75,
          0.75,
          0.75,
          0.75,
          0.75
        ],
        "mean_unique_constraints": 3.0,
        "mean_coverage": 0.75
      }
    },
    "random_mdp_scot": {
      "regret": [
        [
          88.29948401119537,
          87.9541152715455,
          88.47186496360771,
          88.28855002558706,
          88.39065606649095,
          88.39340370364692,
          87.5946021699282,
          88.47870507686154,
          87.71290263171852,
          87.9899412143641,
          87.74187458868292,
          88.3416106692259,
          88.00702282325064,
          87.46705990251279,
          87.86810579026155,
          87.33505456559504,
          88.46589957816568,
          88.0142936435867,
          88.27278594593507,
          88.14054929918184
        ],
        [
          11.73078387744577,
          11.478938019327039,
          11.24274441415518,
          11.592122941923932,
          11.377421444832198,
          12.95952058351703,
          10.728808753281914,
          12.033245869468836,
          11.182018492672043,
          11.025371837965366,
          10.764170441069599,
          11.591264101650403,
          11.28458152862747,
          10.95037120469496,
          10.507226173749878,
          11.251209305414836,
          11.321622253990427,
          11.284377737651454,
          11.545619074824916,
          12.44337670259253
        ],
        [
          0.359473529624438,
          0.6529205653877597,
          0.3291166569309354,
          0.16887923313750264,
          0.23126866911996657,
          0.16041149194241555,
          1.5448242641501402,
          0.05156492065106022,
          0.1397368169590436,
          0.4596739487247987,
          0.5734042782005453,
          0.17161797073834606,
          0.2945733672894164,
          0.3172219489803396,
          0.8490404909359661,
          0.1887322349990086,
          0.10021026632313124,
          0.41001503590937105,
          0.09976311092521684,
          0.35364863696484505
        ],
        [
          11.709134846782938,
          11.453245670108934,
          11.221317005703192,
          11.588502702682653,
          11.370217168742059,
          12.930663582472302,
          10.717948035558088,
          11.997980219881878,
          11.178398253430764,
          11.00734304654381,
          10.756929962587048,
          11.515964484560044,
          11.27372081090364,
          10.946750965453678,
          10.503605934508606,
          11.251209305414836,
          11.252681738014378,
          11.114258387013443,
          11.545619074824916,
          12.407423366769095
        ],
        [
          11.466748503520126,
          11.193130099055335,
          11.102088447504645,
          11.206162808461624,
          11.107081028066453,
          11.671676303592758,
          10.538851808164257,
          11.86030035115601,
          11.095105115628783,
          10.942336524766635,
          10.738819554629789,
          11.420347006182727,
          11.168986737159937,
          10.845774677841298,
          10.481875287310068,
          11.15189549804585,
          11.101752214713066,
          11.12131861274906,
          11.212857015454183,
          11.561681974146595
        ]
      ],
      "mean_regret": 24.477110782681994,
      "selection_stats": {
        "mdp_counts": [
          4,
          4,
          4,
          4,
          4
        ],
        "mean_mdp_count": 4.0
      },
      "constraint_stats": {
        "constraint_counts": [
          2,
          5,
          2,
          5,
          5
        ],