{
  "methods": {
    "two_stage": {
      "regret": [
        55.27794576792774,
        55.36908312949393,
        54.881426227801136,
        55.38846883207727,
        55.31590770668743,
        55.808652013725364,
        55.10161823140457,
        54.592816074980185,
        56.0303473585271,
        54.258860212505525,
        55.26542244411396,
        54.64170738946779,
        54.7825254527676,
        55.59947160233268,
        55.54118729811775,
        54.736382132023195,
        55.08731227830339,
        55.083764510658476,
        56.020191567268235,
        55.05645129157468
      ],
      "mean_regret": 55.1919770760879,
      "selection_stats": {
        "num_atoms_selected": 6,
        "num_envs_used": 3,
        "used_envs": [
          3,
          13,
          16
        ]
      },
      "constraint_stats": {
        "unique_constraints": 6,
        "coverage": 1.0
      }
    },
    "random": {
      "regret": [
        [
          0.10765084162510874,
          0.04690319414300603,
          0.2762839044268972,
          0.057687000495540985,
          0.1873716291226728,
          0.20733085426478937,
          0.03855682582576492,
          0.06029468078570943,
          0.03881516084273784,
          0.17895913258827534,
          0.06463019706193052,
          0.06862712356261369,
          0.06477847913220813,
          0.2505083268518149,
          0.02581746247626171,
          0.0,
          0.39169830209150547,
          0.07717546899400674,
          0.08193977485276349,
          0.05929794570161562
        ],
        [
          0.0505568164305501,
          0.0,
          0.33448025232074485,
          0.05276329065439711,
          0.0,
          0.23365535641141122,
          0.018905058374556916,
          0.08551298878356306,
          0.0,
          0.09899613276183317,
          0.09274835833542738,
          0.21253765167088545,
          0.0,
          0.37828198537543045,
          0.05671517512367075,
          0.0,
          0.23492616421257395,
          0.093960030627386,
          0.0,
          0.09125386196168961
        ],
        [
          0.10765084162510874,
          0.04690319414300603,
          0.2762839044268972,
          0.057687000495540985,
          0.27586081897935344,
          0.20733085426478937,
          0.03855682582576492,
          0.06029468078570943,
          0.03881516084273784,
          0.17895913258827534,
          0.15391826662332164,
          0.06862712356261369,
          0.06477847913220813,
          0.339538061396226,
          0.02581746247626171,
          0.0,
          0.4803518259742674,
          0.07717546899400674,
          0.08193977485276349,
          0.05929794570161562
        ],
        [
          0.0505568164305501,
          0.0,
          0.27343368821758673,
          0.002606060439184432,
          0.0,
          0.19176361418043086,
          0.018905058374556916,
          0.06503592628493493,
          0.0,
          0.03762106616537153,
          0.07068341288319857,
          0.19265092805550665,
          0.0,
          0.33799679364540935,
          0.05671517512367075,
          0.0,
          0.21508364739257502,
          0.093960030627386,
          0.0,
          0.0
        ],
        [
          0.04306141307664291,
          0.034067390811472364,
          0.2117637603116691,
          0.04470534135080584,
          0.08493856245691944,
          0.014545439951703543,
          0.0,
          0.008886012406655652,
          0.0,
          0.011279838429217648,
          0.05177835450864876,
          0.05564546441787854,
          0.0,
          0.022035039305322357,
          0.0,
          0.0,
          0.39169830209150547,
          0.0,
          0.08193977485276349,
          0.03384065466526209
        ]
      ],
      "mean_regret": 0.0965660381703664,
      "selection_stats": {
        "mdp_counts": [
          6,
          5,
          5,
          6,
          5
        ],
        "mean_mdp_count": 5.4
      },
      "constraint_stats": {
        "constraint_counts": [
          3,
          3,
          4,
          3,
          3
        ],
        "coverages": [
          0.5,
          0.5,
          0.6666666666666666,
          0.5,
          0.5
        ],
        "mean_unique_constraints": 3.2,
        "mean_coverage": 0.5333333333333333
      }
    },
    "random_mdp_scot": {
      "regret": [
        [
          50.87788604689183,
          50.836190015215024,
          50.486384825571584,
          50.95625101572405,
          51.003061121568656,
          50.7720481671255,
          50.56144634970248,
          50.78101693130982,
          50.57271457639299,
          50.85066770365221,
          50.829899816026824,
          50.24586582222328,
          50.775544388810616,
          50.575679751514166,
          50.7952159505033,
          50.79860354990254,
          50.725695699512386,
          50.83923132252591,
          50.94920708711535,
          50.66578255019326
        ],
        [
          50.87788604689183,
          50.836190015215024,
          50.486384825571584,
          50.95625101572405,
          51.003061121568656,
          50.7720481671255,
          50.56144634970248,
          50.78101693130982,
          50.57271457639299,
          50.85066770365221,
          50.829899816026824,
          50.24586582222328,
          50.775544388810616,
          50.575679751514166,
          50.7952159505033,
          50.79860354990254,
          50.725695699512386,
          50.83923132252591,
          50.94920708711535,
          50.66578255019326
        ],
        [
          50.87788604689183,
          50.836190015215024,
          50.486384825571584,
          50.95625101572405,
          51.003061121568656,
          50.7720481671255,
          50.56144634970248,
          50.78101693130982,
          50.57271457639299,
          50.85066770365221,
          50.829899816026824,
          50.24586582222328,
          50.775544388810616,
          50.575679751514166,
          50.7952159505033,
          50.79860354990254,
          50.725695699512386,
          50.83923132252591,
          50.94920708711535,
          50.66578255019326
        ],
        [
          50.87788604689183,
          50.836190015215024,
          50.486384825571584,
          50.95625101572405,
          51.003061121568656,
          50.7720481671255,
          50.56144634970248,
          50.78101693130982,
          50.57271457639299,
          50.85066770365221,
          50.829899816026824,
          50.24586582222328,
          50.775544388810616,
          50.575679751514166,
          50.7952159505033,
          50.79860354990254,
          50.725695699512386,
          50.83923132252591,
          50.94920708711535,
          50.66578255019326
        ],
        [
          50.84940775156847,
          50.831770037293595,
          50.4645931288518,
          50.50339239319911,
          50.58312460744445,
          50.74176537178157,
          50.514908372034796,
          50.6831904458965,
          50.424314408007014,
          50.82198883048364,
          50.882366410619376,
          50.309839835107056,
          50.7613884325291,
          50.05760225032342,
          50.8174988111884,
          50.35441487605293,
          50.465713841073715,
          50.713607241799316,
          50.78358415342258,
          50.5514753190274
        ]
      ],
      "mean_regret": 50.71709517283631,
      "selection_stats": {
        "mdp_counts": [
          3,
          3,
          3,
          3,
          3
        ],
        "mean_mdp_count": 3.0
      },
      "constraint_stats": {
        "constraint_counts": [
          0,
          0,
          0,
          0,
          2
        ],
        "coverages": [
          0.0,
          0.0,
          0.0,
          0.0,
          0.3333333333333333
        ],
        "mean_unique_constraints": 0.4,