{
    "SCOT": {
        "regret_map": [
            0.0,
            0.0,
            1.4210854715202004e-14,
            0.0,
            1.2789769243681803e-13,
            0.0,
            0.0,
            1.4210854715202004e-13,
            8.526512829121202e-14,
            1.1368683772161603e-13,
            1.9895196601282805e-13,
            7.105427357601002e-14,
            2.842170943040401e-14,
            9.947598300641403e-14,
            4.973799150320701e-14,
            1.2079226507921703e-13,
            1.9895196601282805e-13,
            0.0,
            0.0,
            4.121147867408581e-13
        ],
        "regret_mean": [
            108.7152044014044,
            76.11660009840665,
            39.876330338419734,
            55.69756759399515,
            172.99141474952876,
            67.92780067375583,
            141.19293832783876,
            106.67444724857108,
            49.397199785667716,
            113.97673214389026,
            109.31015434858404,
            61.218324355083645,
            41.594229175799576,
            128.32245947347067,
            97.11818339316389,
            107.19487626023275,
            252.02011065508387,
            37.320988610218436,
            115.58380860089301,
            172.59663726246194
        ]
    },
    "RANDOM": {
        "regret_map": [
            [
                0.02966576710814195,
                0.014926543677823645,
                0.02985308735567571,
                0.01492654367783075,
                0.04466208362300961,
                0.26378746736872927,
                0.05798531831655396,
                1.4210854715202004e-13,
                0.014926543677916015,
                0.029755918200791598,
                1.9895196601282805e-13,
                0.05934312983434609,
                0.014926543677859172,
                0.029853087355760977,
                0.0744233765286566,
                0.014926543677944437,
                0.07463271838929586,
                0.08760575033473117,
                0.1773906664089253,
                0.014926543678228654
            ],
            [
                0.0,
                0.0,
                1.4210854715202004e-14,
                0.0,
                1.2789769243681803e-13,
                0.0,
                0.0,
                1.4210854715202004e-13,
                8.526512829121202e-14,
                1.1368683772161603e-13,
                1.9895196601282805e-13,
                7.105427357601002e-14,
                2.842170943040401e-14,
                9.947598300641403e-14,
                4.973799150320701e-14,
                1.2079226507921703e-13,
                1.9895196601282805e-13,
                0.0,
                0.0,
                4.121147867408581e-13
            ],
            [
                0.02966576710814195,
                0.014926543677823645,
                0.02985308735567571,
                0.01492654367783075,
                0.04466208362300961,
                0.26378746736872927,
                0.05798531831655396,
                1.4210854715202004e-13,
                0.014926543677916015,
                0.029755918200791598,
                1.9895196601282805e-13,
                0.05934312983434609,
                0.014926543677859172,
                0.029853087355760977,
                0.0744233765286566,
                0.014926543677944437,
                0.07463271838929586,
                0.08760575033473117,
                0.1773906664089253,
                0.014926543678228654
            ],
            [
                0.0,
                0.0,
                1.4210854715202004e-14,
                0.0,
                1.2789769243681803e-13,
                0.0,
                0.0,
                1.4210854715202004e-13,
                0.008963246746915843,
                1.1368683772161603e-13,
                1.9895196601282805e-13,
                7.105427357601002e-14,
                2.842170943040401e-14,
                9.947598300641403e-14,
                4.973799150320701e-14,
                1.2079226507921703e-13,
                1.9895196601282805e-13,
                0.0,
                0.0,
                4.121147867408581e-13
            ],
            [
                0.09793025361855712,
                0.014926543677823645,
                1.6214159478708865,
                4.545186146131094,
                0.1826308074911367,
                36.35195915023868,
                0.05798531831655396,
                0.06892899938998198,
                8.01612045238491,
                4.688491267618517,
                1.9895196601282805e-13,
                7.544116539931309,
                0.014926543677859172,
                0.029853087355760977,
                0.0744233765286566,
                0.08385938502091506,
                0.07463271838929586,
                0.23614926518913393,
                0.4427171582120195,
                0.014926543678228654
            ],
            [
                0.02966576710814195,
                0.014926543677823645,
                0.02985308735567571,
                0.01492654367783075,
                0.04466208362300961,
                0.26378746736872927,
                0.05798531831655396,
                1.4210854715202004e-13,
                0.014926543677916015,
                0.029755918200791598,
                1.9895196601282805e-13,
                0.05934312983434609,
                0.014926543677859172,
                0.029853087355760977,
                0.0744233765286566,
                0.014926543677944437,
                0.07463271838929586,
                0.08760575033473117,
                0.1773906664089253,
                0.014926543678228654
            ],
            [
                0.02966576710814195,
                0.014926543677823645,
                0.02985308735567571,
                0.01492654367783075,
                0.04466208362300961,
                0.26378746736872927,
                0.05798531831655396,
                1.4210854715202004e-13,
                0.014926543677916015,
                0.029755918200791598,
                1.9895196601282805e-13,
                0.05934312983434609,
                0.014926543677859172,
                0.029853087355760977,
                0.0744233765286566,
                0.014926543677944437,
                0.07463271838929586,
                0.08760575033473117,
                0.1773906664089253,
                0.014926543678228654
            ],
            [
                0.0,
                0.0,
                1.4210854715202004e-14,
                0.0,
                1.2789769243681803e-13,
                0.0,
                0.0,
                1.4210854715202004e-13,
                8.526512829121202e-14,
                1.1368683772161603e-13,
                1.9895196601282805e-13,
                7.105427357601002e-14,
                2.842170943040401e-14,
                9.947598300641403e-14,
                4.973799150320701e-14,
                1.2079226507921703e-13,
                1.9895196601282805e-13,
                0.0,
                0.0,
                4.121147867408581e-13
            ],
            [
                0.02966576710814195,
                0.014926543677823645,
                0.02985308735567571,
                0.01492654367783075,
                0.04466208362300961,
                0.26378746736872927,
                0.05798531831655396,
                1.4210854715202004e-13,
                0.014926543677916015,
                0.029755918200791598,
                1.9895196601282805e-13,
                0.05934312983434609,
                0.014926543677859172,
                0.029853087355760977,
                0.0744233765286566,
                0.014926543677944437,
                0.07463271838929586,
                0.08760575033473117,
