{
  "args": {
    "n_envs": 50,
    "mdp_size": 5,
    "feature_dim": 4,
    "total_budget": 2000,
    "demo_env_fraction": 0.6,
    "seed": 42,
    "feedback": [
      "demo"
    ],
    "heuristic_k": 10,
    "top_frac": 0.3,
    "result_dir": "results_comparison"
  },
  "U_global_size": 5,
  "heuristic_ranking": {
    "27": 10,
    "34": 10,
    "20": 9,
    "31": 9,
    "48": 9,
    "3": 8,
    "12": 8,
    "13": 8,
    "25": 8,
    "32": 8,
    "1": 7,
    "7": 7,
    "11": 7,
    "14": 7,
    "15": 7,
    "16": 7,
    "33": 7,
    "36": 7,
    "37": 7,
    "41": 7,
    "43": 7,
    "47": 7,
    "5": 6,
    "9": 6,
    "17": 6,
    "18": 6,
    "21": 6,
    "23": 6,
    "24": 6,
    "28": 6,
    "29": 6,
    "45": 6,
    "2": 5,
    "8": 5,
    "10": 5,
    "19": 5,
    "26": 5,
    "35": 5,
    "38": 5,
    "39": 5,
    "40": 5,
    "42": 5,
    "44": 5,
    "46": 5,
    "0": 4,
    "6": 4,
    "49": 4,
    "4": 3,
    "22": 3,
    "30": 3
  },
  "selected_envs": [
    27,
    34,
    20,
    31,
    48,
    3,
    12,
    13,
    25,
    32,
    1,
    7,
    11,
    14,
    15
  ],
  "naive": {
    "atoms": 2,
    "inspected_envs": 50,
    "activated_envs": 2,
    "final_coverage": 2,
    "runtime": 0.030119657516479492
  },
  "heuristic": {
    "atoms": 0,
    "inspected_envs": 15,
    "activated_envs": 0,
    "final_coverage": 0,
    "runtime": 1.8586673736572266
  }
}