{
  "args": {
    "n_envs": 50,
    "mdp_size": 5,
    "feature_dim": 4,
    "total_budget": 2000,
    "demo_env_fraction": 1.0,
    "seed": 42,
    "feedback": [
      "demo"
    ],
    "heuristic_k": 25,
    "top_frac": 0.9,
    "result_dir": "results_comparison"
  },
  "U_global_size": 5,
  "heuristic_ranking": {
    "14": 10,
    "28": 10,
    "15": 9,
    "18": 9,
    "24": 9,
    "20": 8,
    "21": 8,
    "29": 8,
    "31": 8,
    "32": 8,
    "41": 8,
    "5": 7,
    "9": 7,
    "16": 7,
    "25": 7,
    "33": 7,
    "36": 7,
    "38": 7,
    "46": 7,
    "48": 7,
    "2": 6,
    "3": 6,
    "6": 6,
    "8": 6,
    "17": 6,
    "19": 6,
    "23": 6,
    "30": 6,
    "34": 6,
    "35": 6,
    "42": 6,
    "45": 6,
    "47": 6,
    "49": 6,
    "1": 5,
    "10": 5,
    "13": 5,
    "27": 5,
    "39": 5,
    "40": 5,
    "43": 5,
    "0": 4,
    "4": 4,
    "7": 4,
    "11": 4,
    "12": 4,
    "26": 4,
    "37": 4,
    "44": 4,
    "22": 3
  },
  "selected_envs": [
    14,
    28,
    15,
    18,
    24,
    20,
    21,
    29,
    31,
    32,
    41,
    5,
    9,
    16,
    25,
    33,
    36,
    38,
    46,
    48,
    2,
    3,
    6,
    8,
    17,
    19,
    23,
    30,
    34,
    35,
    42,
    45,
    47,
    49,
    1,
    10,
    13,
    27,
    39,
    40,
    43,
    0,
    4,
    7,
    11
  ],
  "naive": {
    "atoms": 5,
    "inspected_envs": 50,
    "activated_envs": 5,
    "final_coverage": 5,
    "runtime": 0.09043550491333008
  },
  "heuristic": {
    "atoms": 5,
    "inspected_envs": 45,
    "activated_envs": 5,
    "final_coverage": 5,
    "runtime": 3.9046878814697266
  }
}