{
  "args": {
    "n_envs": 100,
    "mdp_size": 5,
    "feature_dim": 4,
    "total_budget": 2000,
    "demo_env_fraction": 1.0,
    "seed": 42,
    "feedback": [
      "demo"
    ],
    "heuristic_k": 100,
    "top_frac": 0.5,
    "result_dir": "results_comparison"
  },
  "U_global_size": 5,
  "heuristic_ranking": {
    "14": 10,
    "28": 10,
    "15": 9,
    "18": 9,
    "24": 9,
    "20": 8,
    "21": 8,
    "29": 8,
    "31": 8,
    "32": 8,
    "41": 8,
    "62": 8,
    "65": 8,
    "68": 8,
    "69": 8,
    "79": 8,
    "92": 8,
    "5": 7,
    "9": 7,
    "16": 7,
    "25": 7,
    "33": 7,
    "36": 7,
    "38": 7,
    "46": 7,
    "48": 7,
    "53": 7,
    "59": 7,
    "70": 7,
    "75": 7,
    "97": 7,
    "2": 6,
    "3": 6,
    "6": 6,
    "8": 6,
    "17": 6,
    "19": 6,
    "23": 6,
    "30": 6,
    "34": 6,
    "35": 6,
    "42": 6,
    "45": 6,
    "47": 6,
    "49": 6,
    "55": 6,
    "63": 6,
    "64": 6,
    "72": 6,
    "73": 6,
    "74": 6,
    "76": 6,
    "82": 6,
    "83": 6,
    "86": 6,
    "88": 6,
    "90": 6,
    "94": 6,
    "96": 6,
    "1": 5,
    "10": 5,
    "13": 5,
    "27": 5,
    "39": 5,
    "40": 5,
    "43": 5,
    "51": 5,
    "52": 5,
    "56": 5,
    "57": 5,
    "58": 5,
    "60": 5,
    "66": 5,
    "67": 5,
    "77": 5,
    "78": 5,
    "81": 5,
    "84": 5,
    "85": 5,
    "87": 5,
    "89": 5,
    "91": 5,
    "93": 5,
    "95": 5,
    "98": 5,
    "99": 5,
    "0": 4,
    "4": 4,
    "7": 4,
    "11": 4,
    "12": 4,
    "26": 4,
    "37": 4,
    "44": 4,
    "50": 4,
    "54": 4,
    "61": 4,
    "22": 3,
    "71": 3,
    "80": 3
  },
  "selected_envs": [
    14,
    28,
    15,
    18,
    24,
    20,
    21,
    29,
    31,
    32,
    41,
    62,
    65,
    68,
    69,
    79,
    92,
    5,
    9,
    16,
    25,
    33,
    36,
    38,
    46,
    48,
    53,
    59,
    70,
    75,
    97,
    2,
    3,
    6,
    8,
    17,
    19,
    23,
    30,
    34,
    35,
    42,
    45,
    47,
    49,
    55,
    63,
    64,
    72,
    73
  ],
  "naive": {
    "atoms": 5,
    "inspected_envs": 100,
    "activated_envs": 5,
    "final_coverage": 5,
    "coverage_fraction": 1.0,
    "runtime": 0.1081244945526123
  },
  "heuristic": {
    "atoms": 3,
    "inspected_envs": 50,
    "activated_envs": 3,
    "final_coverage": 3,
    "coverage_fraction": 0.6,
    "runtime": 7.740668058395386
  }
}