{
    "SCOT": {
        "regret_map": [
            0.0,
            0.0,
            1.4210854715202004e-14,
            0.0,
            1.2789769243681803e-13,
            0.0,
            0.0,
            1.4210854715202004e-13,
            8.526512829121202e-14,
            1.1368683772161603e-13,
            1.9895196601282805e-13,
            7.105427357601002e-14,
            2.842170943040401e-14,
            9.947598300641403e-14,
            4.973799150320701e-14,
            1.2079226507921703e-13,
            1.9895196601282805e-13,
            0.0,
            0.0,
            4.121147867408581e-13
        ],
        "regret_mean": [
            0.0,
            0.0,
            1.4210854715202004e-14,
            0.0,
            1.2789769243681803e-13,
            0.0,
            0.0,
            1.4210854715202004e-13,
            8.526512829121202e-14,
            1.1368683772161603e-13,
            1.9895196601282805e-13,
            7.105427357601002e-14,
            2.842170943040401e-14,
            9.947598300641403e-14,
            4.973799150320701e-14,
            1.2079226507921703e-13,
            1.9895196601282805e-13,
            0.0,
            0.0,
            4.121147867408581e-13
        ]
    },
    "RANDOM": {
        "regret_map": [
            [
                0.0,
                0.0,
                1.4210854715202004e-14,
                0.0,
                1.2789769243681803e-13,
                0.0,
                0.0,
                1.4210854715202004e-13,
                8.526512829121202e-14,
                1.1368683772161603e-13,
                1.9895196601282805e-13,
                7.105427357601002e-14,
                2.842170943040401e-14,
                9.947598300641403e-14,
                4.973799150320701e-14,
                1.2079226507921703e-13,
                1.9895196601282805e-13,
                0.0,
                0.0,
                4.121147867408581e-13
            ],
            [
                0.0,
                0.0,
                1.4210854715202004e-14,
                0.0,
                1.2789769243681803e-13,
                0.12515214722952805,
                0.07316142000152581,
                1.4210854715202004e-13,
                0.03321645099664039,
                1.1368683772161603e-13,
                1.9895196601282805e-13,
                7.105427357601002e-14,
                2.842170943040401e-14,
                9.947598300641403e-14,
                4.973799150320701e-14,
                1.2079226507921703e-13,
                1.9895196601282805e-13,
                0.04764136991176571,
                0.0,
                4.121147867408581e-13
            ],
            [
                0.0,
                0.0,
                1.4210854715202004e-14,
                0.0,
                1.2789769243681803e-13,
                0.0,
                0.07316142000152581,
                1.4210854715202004e-13,
                0.03321645099664039,
                1.1368683772161603e-13,
                1.9895196601282805e-13,
                7.105427357601002e-14,
                2.842170943040401e-14,
                9.947598300641403e-14,
                4.973799150320701e-14,
                1.2079226507921703e-13,
                1.9895196601282805e-13,
                0.04764136991176571,
                0.0,
                4.121147867408581e-13
            ],
            [
                0.3938291060705197,
                0.014926543677823645,
                0.02985308735567571,
                0.01492654367783075,
                0.5507883836460508,
                0.26378746736872927,
                0.05798531831655396,
                0.06892899938998198,
                0.15151384341636032,
                0.029755918200791598,
                1.9895196601282805e-13,
                0.05934312983434609,
                0.014926543677859172,
                0.029853087355760977,
                0.0744233765286566,
                0.32836337385032266,
                0.07463271838929586,
                0.474164658888526,
                0.5596028435686691,
                0.014926543678228654
            ],
            [
                78.69726587814654,
                55.62113807011485,
                50.318015184393694,
                70.82979775144673,
                125.67539513951122,
                86.44665496928674,
                102.4549355623643,
                77.10009017873368,
                63.227407414807956,
                146.20576710020504,
                139.81632063723004,
                78.26012419665949,
                52.62188077448827,
                93.37417609790397,
                70.62443948487717,
                77.87600041143332,
                182.8531315963056,
                47.38169756595471,
                83.28807846495093,
                126.3430976395777
            ],
            [
                0.02966576710814195,
                0.014926543677823645,
                1.6214159478708865,
                4.545186146131094,
                0.04466208362300961,
                8.629214842747082,
                0.05798531831655396,
                1.4210854715202004e-13,
                8.01612045238491,
                4.688491267618517,
                1.9895196601282805e-13,
                7.544116539931309,
                0.014926543677859172,
                0.029853087355760977,
                0.0744233765286566,
                0.014926543677944437,
                0.07463271838929586,
                0.08760575033473117,
                0.1773906664089253,
                0.014926543678228654
            ],
            [
                0.0,
                0.0,
                1.4210854715202004e-14,
                0.0,
                1.2789769243681803e-13,
                0.0,
                0.0,
                1.4210854715202004e-13,
                0.008963246746915843,
                1.1368683772161603e-13,
                1.9895196601282805e-13,
                7.105427357601002e-14,
                2.842170943040401e-14,
                9.947598300641403e-14,
                4.973799150320701e-14,
                1.2079226507921703e-13,
                1.9895196601282805e-13,
                0.0,
                0.0,
                4.121147867408581e-13
            ],
            [
                0.0,
                0.0,
                1.4210854715202004e-14,
                0.0,
                1.2789769243681803e-13,
                0.0,
                0.0,
                1.4210854715202004e-13,
                8.526512829121202e-14,
                1.1368683772161603e-13,
                1.9895196601282805e-13,
                7.105427357601002e-14,
                2.842170943040401e-14,
                9.947598300641403e-14,
                4.973799150320701e-14,
                1.2079226507921703e-13,
                1.9895196601282805e-13,
                0.0,
                0.0,
                4.121147867408581e-13
            ],
            [
                0.0,
                0.0,
                1.4210854715202004e-14,
                0.0,
                1.2789769243681803e-13,
                0.0,
                0.0,
                1.4210854715202004e-13,
                8.526512829121202e-14,
                1.1368683772161603e-13,
                1.9895196601282805e-13,
                7.105427357601002e-14,
                2.842170943040401e-14,
                9.947598300641403e-14,
                4.973799150320701e-14,
                1.2079226507921703e-13,
                1.9895196601282805e-13,
                0.0,
                0.0,
                4.121147867408581e-13
            ],
            [
                0.0,
                0.0,
                1.4210854715202004e-14,
                0.0,
                1.2789769243681803e-13,
                0.0,
                0.0,
