{
    "SCOT": {
        "regret_map": [
            32.854269129538025,
            0.05718478428698148,
            0.033264183800625347,
            23.658122012089258,
            0.008382253905967474
        ],
        "regret_mean": [
            32.854269129538025,
            0.05718478428698148,
            0.033264183800625347,
            23.658122012089258,
            0.008382253905967474
        ]
    },
    "BIRL": {
        "SCOT_accept_rate": 0.55
    },
    "metadata": {
        "W_TRUE": [
            -0.7190908482924668,
            -0.47252824736405885,
            -0.5095345006425683
        ],
        "experiment_dir": "results_universal/exp_env5_size5_fd3_fb0_20251213-150242",
        "n_envs": 5,
        "mdp_size": 5,
        "feature_dim": 3,
        "w_true_mode": "random_signed",
        "feedback": {
            "demos": true,
            "pairwise": false,
            "estop": false,
            "improvement": false,
            "feedback_count": 0
        },
        "random_trials": 0,
        "seed": 10,
        "coverage": {
            "num_universal": 4,
            "num_scot_constraints": 9,
            "num_covered": 4,
            "num_missed": 0,
            "coverage_pct": 100.0
        },
        "scot_env_stats": {
            "0": {
                "num_atoms": 2,
                "total_coverage": 3,
                "indices": [
                    0,
                    1
                ],
                "coverage_counts": [
                    2,
                    1
                ]
            },
            "1": {
                "num_atoms": 1,
                "total_coverage": 1,
                "indices": [
                    2
                ],
                "coverage_counts": [
                    1
                ]
            },
            "2": {
                "num_atoms": 0,
                "total_coverage": 0,
                "indices": [],
                "coverage_counts": []
            },
            "3": {
                "num_atoms": 0,
                "total_coverage": 0,
                "indices": [],
                "coverage_counts": []
            },
            "4": {
                "num_atoms": 0,
                "total_coverage": 0,
                "indices": [],
                "coverage_counts": []
            }
        },
        "num_envs_activated": 2
    }
}