{
  "two_stage_regret": [
    12.36924206673213,
    12.36924206673213,
    12.229285739309905,
    12.369242044876957,
    12.82968362969457,
    12.11109494799577,
    12.420890279373605,
    12.348730115539048,
    12.348730115539048,
    12.456677895681985,
    12.322820317050649,
    12.356005081244051,
    12.63947657908558,
    12.3042168619807,
    12.206994468239856,
    12.373594688727227,
    12.445928236930827,
    12.15268169284825,
    12.08117734492162,
    12.237524029719655
  ],
  "random_regret": [
    [
      0.020841516124282422,
      0.020842197151913933,
      0.06392295279785398,
      0.0,
      0.03822401830277289,
      0.09250760456235496,
      0.02750245111657157,
      0.007276068628081944,
      0.007276068628081944,
      0.034724783544386795,
      0.15405474714139267,
      0.04151496740506877,
      0.2559419701783172,
      0.05363195411713262,
      0.02198907924342608,
      0.1658958565360913,
      0.12481635084045517,
      0.08529087653413026,
      0.0830011956565817,
      0.17859354042938147
    ],
    [
      0.020841516124282422,
      0.07477957869080432,
      0.14817225714651827,
      0.11833327459084186,
      0.07446968818042543,
      0.08752579878024114,
      0.10800467066866126,
      0.007276068628081944,
      0.007276068628081944,
      0.024430410282268555,
      0.20996059239228138,
      0.18053986705862912,
      0.30695600659886146,
      0.18978056329178417,
      0.07275765280670687,
      0.2219305377791243,
      0.20856320788159421,
      0.2558193234500994,
      0.27051253959008603,
      0.22969333089200172
    ],
    [
      0.020841516124282422,
      0.020842197151913933,
      0.06392295279785398,
      0.0,
      0.03822401830277289,
      0.09250760456235496,
      0.02750245111657157,
      0.007276068628081944,
      0.007276068628081944,
      0.034724783544386795,
      0.15405474714139267,
      0.04151496740506877,
      0.2085335865784934,
      0.05363195411713262,
      0.02198907924342608,
      0.1658958565360913,
      0.12481635084045517,
      0.08529087653413026,
      0.0830011956565817,
      0.17859354042938147
    ],
    [
      0.0,
      0.0,
      0.06392295279785398,
      0.0,
      0.03822401830277289,
      0.03437313713844392,
      0.006796459490965634,
      0.007276068628081944,
      0.007276068628081944,
      0.01401879191878086,
      0.1334870247621902,
      0.04151496740506877,
      0.00685686919743933,
      0.05363195411713262,
      0.011426863001214205,
      0.024095688028646256,
      0.06392295279785376,
      0.08529087653413026,
      0.0830011956565817,
      0.12017985133327391
    ],
    [
      0.020841516124282422,
      0.020842197151913933,
      0.11416768355037687,
      0.0,
      0.040562575837411075,
      0.07043807335504426,
      0.024121297902473082,
      0.0,
      0.0,
      0.024430410282268555,
      0.15405474714139267,
      0.027378686601299718,
      0.24943989990657323,
      0.09794588094176526,
      0.0026872323298625655,
      0.1658958565360913,
      0.12481635084045517,
      0.10607992610917694,
      0.1121777096983847,
      0.010852221825067065
    ]
  ],
  "random_mdp_scot_regret": [
    [
      12.36924206673213,
      12.36215731564402,
      12.229285739309905,
      12.369242044876957,
      12.747866976488101,
      12.11109494799577,
      12.420890279373605,
      12.34791352908229,
      12.34791352908229,
      12.456677895681985,
      12.303835753465009,
      12.328626394642752,
      12.607386336404225,
      12.207128667334484,
      12.181430217410156,
      12.362632139309454,
      12.41925993230389,
      12.141447379284632,
      12.0864731871421,
      12.23677419078106
    ],
    [
      12.369242067012298,
      12.369242067012301,
      12.229285739309905,
      12.369242044876957,
      12.82968362969457,
      12.11109494799577,
      12.44840585940791,
      12.376518113505037,
      12.376518113505037,
      12.473980778926453,
      12.322820317050649,
      12.41075703360998,
      12.689339671295917,
      12.313140894110306,
      12.206994468239856,
      12.404858331570612,
      12.480491781667167,
      12.15268169284825,
      12.108946382327147,
      12.237524029719655
    ],
    [
      12.369242067012298,
      12.369242067012301,
      12.229285739309905,
      12.369242044876957,
      7.879639887429115,
      12.11109494799577,
      12.44840585940791,
      12.376518113505037,
      12.376518113505037,
      12.504930783699614,
      12.32211638450795,
      12.38337834700868,
      9.552367978961316,
      12.003174713375934,
      12.255713624582036,
      12.376459063949808,
      12.424325524156323,
      12.15268169284825,
      12.136594762680811,
      12.479114394030377
    ],
    [
      12.369242067012298,
      12.369242067012301,
      12.229285739309905,
      12.369242044876957,
      12.849910150351304,
      12.11109494799577,
      12.44840585940791,
      12.376518113505037,
      12.376518113505037,
      12.49468677055206,
      12.322820317050649,
      12.41075703360998,
      12.683216825449126,
      12.40529089021536,
      12.255713624582036,
      12.404858331570612,
      12.480491781667167,
      12.15268169284825,
      12.129715695695563,
      12.479114394030377
    ],
    [
      12.36924206673213,
      12.36924206673213,
      12.229285739309905,
      12.369242044876957,
      12.82968362969457,
      12.11109494799577,
      12.44840585940791,
      12.376518113505037,
      12.376518113505037,
      12.456677895681985,
      12.322820317050649,
      12.383378346728511,
      12.671379107909953,
      12.304148071310847,
      12.255713624582036,
      12.38742161336758,
      12.445928236930827,
      12.15268169284825,
      12.129715695695563,
      12.29705125180047
    ]
  ],
  "two_stage_mean": 12.34866191011118,
  "random_mean": 0.07887938973610459,
  "random_mdp_scot_mean": 12.280430474917996,
  "num_atoms_selected": 5,
  "num_envs_used": 4,
  "used_envs": [
    10,
    13,
    14,
    17
  ],
  "U_demo_unique": 5,
  "U_atoms_unique": 5,
  "U_union_unique": 5,
  "atom_implied_unique": 0,
  "config": {
    "seed": 1377,
    "n_envs": 20,
    "grid_size": 6,
    "gamma": 0.99,
    "feedback": [
      "demo"
    ],
    "state_fraction": 1.0,
    "total_budget": 0,
    "random_trials": 5,
    "alloc_method": "uniform",
    "alloc_alpha": null,
    "birl": {
      "beta": 2.0,
      "samples": 1000,
      "stepsize": 0.6
    }
  },
  "two_stage_constraints": {
    "unique_constraints": 5,
    "coverage": 1.0
  },
  "random_constraints": {
    "mdp_counts": [
      4,
      4,
      4,
      4,
      4
    ],
    "constraint_counts": [
      4,
      3,
      1,
      1,
      3
    ],
    "coverages": [
      0.8,
      0.6,
      0.2,
      0.2,
      0.6
    ],
    "mean_mdp_count": 4.0,
    "mean_unique_constraints": 2.4,
    "mean_coverage": 0.48
  },