{
  "two_stage_regret": [
    12.36924206673213,
    12.36215731564402,
    12.229285739309905,
    12.369242044876957,
    12.747866976488101,
    12.11109494799577,
    12.420890279373605,
    12.34791352908229,
    12.34791352908229,
    12.575771599454665,
    12.360658351102586,
    12.328626394642752,
    12.634019658558959,
    12.234940496343283,
    12.219768442828816,
    12.391973658316106,
    12.458982086457844,
    12.141447379284632,
    12.09335225412735,
    12.274749966018328
  ],
  "random_regret": [
    [
      12.709296298984636,
      13.013503848531968,
      77.11692965653307,
      13.080140986817169,
      135.59589673713546,
      148.07615296963726,
      77.57841338882602,
      13.066511536550529,
      13.066511536550529,
      13.090871009081571,
      77.51229475979079,
      12.852774049447005,
      77.55600736584029,
      148.2362525723452,
      77.53117322539336,
      136.0978899939854,
      77.19301531793398,
      148.38200580685725,
      77.35754927947367,
      12.941923881470624
    ],
    [
      12.709296298984636,
      13.013503848531968,
      77.11692965653307,
      13.080140986817169,
      135.59589673713546,
      148.07615296963726,
      77.57841338882602,
      13.066511536550529,
      13.066511536550529,
      13.090871009081571,
      77.51229475979079,
      12.852774049447005,
      77.55600736584029,
      148.2362525723452,
      77.53117322539336,
      136.0978899939854,
      77.19301531793398,
      148.38200580685725,
      77.35754927947367,
      12.941923881470624
    ],
    [
      12.709296298984636,
      13.013503848531968,
      77.11692965653307,
      13.080140986817169,
      135.59589673713546,
      148.07615296963726,
      77.57841338882602,
      13.066511536550529,
      13.066511536550529,
      13.090871009081571,
      77.51229475979079,
      12.852774049447005,
      77.55600736584029,
      148.2362525723452,
      77.53117322539336,
      136.0978899939854,
      77.19301531793398,
      148.38200580685725,
      77.35754927947367,
      12.941923881470624
    ],
    [
      12.709296298984636,
      13.013503848531968,
      77.11692965653307,
      13.080140986817169,
      135.59589673713546,
      148.07615296963726,
      77.57841338882602,
      13.066511536550529,
      13.066511536550529,
      13.090871009081571,
      77.51229475979079,
      12.852774049447005,
      77.55600736584029,
      148.2362525723452,
      77.53117322539336,
      136.0978899939854,
      77.19301531793398,
      148.38200580685725,
      77.35754927947367,
      12.941923881470624
    ],
    [
      12.709296298984636,
      13.013503848531968,
      77.11692965653307,
      13.080140986817169,
      135.59589673713546,
      148.07615296963726,
      77.57841338882602,
      13.066511536550529,
      13.066511536550529,
      13.090871009081571,
      77.51229475979079,
      12.852774049447005,
      77.55600736584029,
      148.2362525723452,
      77.53117322539336,
      136.0978899939854,
      77.19301531793398,
      148.38200580685725,
      77.35754927947367,
      12.941923881470624
    ]
  ],
  "random_mdp_scot_regret": [
    [
      12.709296298984636,
      13.013503848531968,
      77.11692965653307,
      13.080140986817169,
      135.59589673713546,
      148.07615296963726,
      77.57841338882602,
      13.066511536550529,
      13.066511536550529,
      13.090871009081571,
      77.51229475979079,
      12.852774049447005,
      77.55600736584029,
      148.2362525723452,
      77.53117322539336,
      136.0978899939854,
      77.19301531793398,
      148.38200580685725,
      77.35754927947367,
      12.941923881470624
    ],
    [
      12.709296298984636,
      13.013503848531968,
      77.11692965653307,
      13.080140986817169,
      135.59589673713546,
      148.07615296963726,
      77.57841338882602,
      13.066511536550529,
      13.066511536550529,
      13.090871009081571,
      77.51229475979079,
      12.852774049447005,
      77.55600736584029,
      148.2362525723452,
      77.53117322539336,
      136.0978899939854,
      77.19301531793398,
      148.38200580685725,
      77.35754927947367,
      12.941923881470624
    ],
    [
      12.709296298984636,
      13.013503848531968,
      77.11692965653307,
      13.080140986817169,
      135.59589673713546,
      148.07615296963726,
      77.57841338882602,
      13.066511536550529,
      13.066511536550529,
      13.090871009081571,
      77.51229475979079,
      12.852774049447005,
      77.55600736584029,
      148.2362525723452,
      77.53117322539336,
      136.0978899939854,
      77.19301531793398,
      148.38200580685725,
      77.35754927947367,
      12.941923881470624
    ],
    [
      12.709296298984636,
      13.013503848531968,
      77.11692965653307,
      13.080140986817169,
      135.59589673713546,
      148.07615296963726,
      77.57841338882602,
      13.066511536550529,
      13.066511536550529,
      13.090871009081571,
      77.51229475979079,
      12.852774049447005,
      77.55600736584029,
      148.2362525723452,
      77.53117322539336,
      136.0978899939854,
      77.19301531793398,
      148.38200580685725,
      77.35754927947367,
      12.941923881470624
    ],
    [
      12.709296298984636,
      13.013503848531968,
      77.11692965653307,
      13.080140986817169,
      135.59589673713546,
      148.07615296963726,
      77.57841338882602,
      13.066511536550529,
      13.066511536550529,
      13.090871009081571,
      77.51229475979079,
      12.852774049447005,
      77.55600736584029,
      148.2362525723452,
      77.53117322539336,
      136.0978899939854,
      77.19301531793398,
      148.38200580685725,
      77.35754927947367,
      12.941923881470624
    ]
  ],
  "two_stage_mean": 12.350994835786018,
  "random_mean": 68.10275571105927,
  "random_mdp_scot_mean": 68.10275571105927,
  "num_atoms_selected": 0,
  "num_envs_used": 0,
  "used_envs": [],
  "U_demo_unique": 5,
  "U_atoms_unique": 5,
  "U_union_unique": 5,
  "atom_implied_unique": 0,
  "config": {
    "seed": 1377,
    "n_envs": 20,
    "grid_size": 6,
    "gamma": 0.99,
    "feedback": [
      "demo"
    ],
    "state_fraction": 0.1,
    "total_budget": 0,
    "random_trials": 5,
    "alloc_method": "uniform",
    "alloc_alpha": null,
    "birl": {
      "beta": 2.0,
      "samples": 1000,
      "stepsize": 0.6
    }
  },
  "two_stage_constraints": {
    "unique_constraints": 0,
    "coverage": 0.0
  },
  "random_constraints": {
    "mdp_counts": [
      0,
      0,
      0,
      0,
      0
    ],
    "constraint_counts": [
      0,
      0,
      0,
      0,
      0
    ],
    "coverages": [
      0.0,
      0.0,
      0.0,
      0.0,
      0.0
    ],
    "mean_mdp_count": 0.0,
    "mean_unique_constraints": 0.0,
    "mean_coverage": 0.0
  },