{
  "methods": {
    "two_stage": {
      "regret": [
        0.0,
        0.010233963418750935,
        0.0,
        0.0,
        0.010233963418751157,
        0.0,
        0.0,
        0.0,
        0.0,
        0.003445662913285963,
        0.017551381635903196,
        0.02454896713595911,
        0.020499756457004414,
        0.00426665343793009,
        0.0,
        0.0,
        0.0,
        0.007126562949805626,
        0.0,
        0.005953261852132297
      ],
      "mean_regret": 0.005193008660976139,
      "selection_stats": {
        "num_atoms_selected": 5,
        "num_envs_used": 4,
        "used_envs": [
          5,
          1,
          16,
          19
        ]
      },
      "constraint_stats": {
        "unique_constraints": 6,
        "coverage": 1.0
      }
    },
    "same_mdp_random": {
      "regret": [
        [
          12.179422191859887,
          12.111094970131113,
          12.564883649226974,
          12.369242066471323,
          12.131800939621378,
          12.399991057587073,
          12.369242063750013,
          12.389948036502563,
          12.21570428274994,
          12.182663933883113,
          12.092293613345397,
          12.427249195915358,
          12.233973912135092,
          12.411154243082219,
          0.041343192581359545,
          0.19696415627410357,
          12.027265156440487,
          12.216712504170244,
          11.71172598616707,
          12.312796285808819
        ],
        [
          0.0610243057405746,
          0.010233963418750935,
          0.04141198325121209,
          0.0,
          0.16990072839026116,
          0.020485802791615382,
          0.0,
          0.020705991625606157,
          0.020546212498088856,
          0.08444869940925748,
          0.14055116993135708,
          0.03482479973530772,
          0.020499756457004414,
          0.014526873637279891,
          0.041343192581359545,
          0.19696415627410357,
          0.05113013010539813,
          0.24733582294516165,
          0.15288237397110782,
          0.05827571383062913
        ],
        [
          0.020546212498089078,
          0.010233963418750935,
          0.0,
          0.0,
          0.010233963418751157,
          0.0,
          0.0,
          0.0,
          0.020546212498088856,
          0.003445662913285963,
          0.05861873051022126,
          0.003656315893508344,
          0.020499756457004414,
          0.00426665343793009,
          0.0,
          0.05393601260456027,
          0.05113013010539813,
          0.20605937107169292,
          0.05188390783561969,
          0.026499474350221597
        ],
        [
          0.0610243057405746,
          0.010233963418750935,
          0.0,
          0.0,
          0.010233963418751157,
          0.05075536763717481,
          0.0,
          0.0,
          0.020546212498088856,
          0.09250760456235496,
          0.017551381635903196,
          0.10425974196343657,
          0.020499756457004414,
          0.12008676655006245,
          0.0,
          0.0,
          0.05113013010539813,
          0.05839221755388002,
          0.2547481624312997,
          0.05457630617184739
        ],
        [
          0.0610243057405746,
          0.010233963418750935,
          0.0,
          0.0,
          0.010233963418751157,
          0.05075536763717481,
          0.0,
          0.0,
          0.020546212498088856,
          0.09250760456235496,
          0.05861873051022126,
          0.10425974196343657,
          0.020499756457004414,
          0.12008676655006245,
          0.0,
          0.05393601260456027,
          0.05113013010539813,
          0.20605937107169292,
          0.2547481624312997,
          0.06854012424520861
        ]
      ],
      "mean_regret": 2.2462384557466986,
      "selection_stats": {
        "mdp_counts": null
      },
      "constraint_stats": {
        "constraint_counts": [
          6,
          6,
          6,
          6,
          6
        ],
        "coverages": [
          1.0,
          1.0,
          1.0,
          1.0,
          1.0
        ],
        "mean_unique_constraints": 6.0,
        "mean_coverage": 1.0
      }
    },
    "random": {
      "regret": [
        [
          0.0610243057405746,
          0.010233963418750935,
          0.04141198325121209,
          0.0,
          0.16990072839026116,
          0.020485802791615382,
          0.0,
          0.020705991625606157,
          0.020546212498088856,
          0.08444869940925748,
          0.14055116993135708,
          0.03482479973530772,
          0.054436688559523994,
          0.014526873637279891,
          0.041343192581359545,
          0.19696415627410357,
          0.05113013010539813,
          0.24733582294516165,
          0.15288237397110782,
          0.05827571383062913
        ],
        [
          0.0610243057405746,
          0.010233963418750935,
          0.0,
          0.0,
          0.010233963418751157,
          0.05075536763717481,
          0.0,
          0.0,
          0.020546212498088856,
          0.09250760456235496,
          0.017551381635903196,
          0.10425974196343657,
          0.020499756457004414,
          0.12008676655006245,
          0.0,
          0.05393601260456027,
          0.05113013010539813,
          0.20605937107169292,
          0.2547481624312997,
          0.05457630617184739
        ],
        [
          0.0610243057405746,
          0.010233963418750935,
          0.04141198325121209,
          0.0,
          0.16990072839026116,
          0.05075536763717481,
          0.0,
          0.020705991625606157,
          0.020546212498088856,
          0.09250760456235496,
          0.14055116993135708,
          0.10425974196343657,
          0.020499756457004414,
          0.12008676655006245,
          0.041343192581359545,
          0.19696415627410357,
          0.05113013010539813,
          0.24733582294516165,
          0.2547481624312997,
          0.10906605615245213
        ],
        [
          0.1493577032333524,
          0.12553809139312588,
          0.16911213496926414,
          0.1825297004347265,
          0.11845946301789789,
          0.30833705100504516,
          0.18252970043472627,
          0.17558389962065102,
          0.12829633424201048,
          0.27557671974360676,
          0.1534246078028776,
          0.4213080362961812,
          0.16188857725835115,
          0.40518066567642697,
          0.08159189815788825,
          0.08193175151443666,
          0.16083762074450325,
          0.2294712356488151,
          0.43114320682346063,
          0.19705549348569118
        ],
        [
          12.309255430738384,
          12.172389520689798,
          12.564883649226974,
          12.369242066471323,
          12.172389498554455,
          12.501012516375946,
          12.369242063750013,
          12.369242044876957,
          12.301450824023213,
          12.3262321255854,
          12.19343643224991,
          12.572975439858352,
          12.344194270598585,
          12.568847675822674,
          0.020637200955753388,
          0.19696415627410357,
          12.275697106077088,
          12.628316151529306,
          12.315558627424437,
          12.526179643367993
        ]
      ],
      "mean_regret": 2.3153954910343284,
      "selection_stats": {
        "mdp_counts": [
          4,
          4,
          4,
          4,
          4
        ],
        "mean_mdp_count": 4.0
      },
      "constraint_stats": {
        "constraint_counts": [
          3,
          0,
          5,
          4,
          2
        ],
        "coverages": [
          0.5,
          0.0,
          0.8333333333333334,
          0.6666666666666666,
          0.3333333333333333
        ],
        "mean_unique_constraints": 2.8,
        "mean_coverage": 0.4666666666666667
      }
    },