{
  "methods": {
    "two_stage": {
      "regret": [
        0.0,
        0.0,
        0.003445662913286185,
        0.0,
        0.007162374823925344,
        0.003445662913285963,
        0.006796459490965634,
        0.007276068628081944,
        0.007276068628081944,
        0.0037244186566623982,
        0.00685686919743933,
        0.01413628080376883,
        0.00685686919743933,
        0.013144810111272776,
        0.011426863001214205,
        0.003549475530556956,
        0.003445662913286185,
        0.004330601352871888,
        0.011370025117173999,
        0.0
      ],
      "mean_regret": 0.005712208663965645,
      "selection_stats": {
        "num_atoms_selected": 5,
        "num_envs_used": 4,
        "used_envs": [
          10,
          13,
          14,
          17
        ]
      },
      "constraint_stats": {
        "unique_constraints": 5,
        "coverage": 1.0
      }
    },
    "same_mdp_random": {
      "regret": [
        [
          0.020841516124282422,
          0.020842197151913933,
          0.06392295279785398,
          0.0,
          0.03822401830277289,
          0.09250760456235496,
          0.02750245111657157,
          0.007276068628081944,
          0.007276068628081944,
          0.034724783544386795,
          0.15405474714139267,
          0.04151496740506877,
          0.2559419701783172,
          0.05363195411713262,
          0.02198907924342608,
          0.1658958565360913,
          0.12481635084045517,
          0.08529087653413026,
          0.0830011956565817,
          0.17859354042938147
        ],
        [
          0.020841516124282422,
          0.020842197151913933,
          0.06392295279785398,
          0.0,
          0.03822401830277289,
          0.09250760456235496,
          0.02750245111657157,
          0.007276068628081944,
          0.007276068628081944,
          0.034724783544386795,
          0.15405474714139267,
          0.04151496740506877,
          0.2085335865784934,
          0.05363195411713262,
          0.02198907924342608,
          0.1658958565360913,
          0.12481635084045517,
          0.08529087653413026,
          0.0830011956565817,
          0.17859354042938147
        ],
        [
          0.020841516124282422,
          0.020842197151913933,
          0.06392295279785398,
          0.0,
          0.03822401830277289,
          0.09250760456235496,
          0.02750245111657157,
          0.007276068628081944,
          0.007276068628081944,
          0.034724783544386795,
          0.15405474714139267,
          0.04151496740506877,
          0.2085335865784934,
          0.05363195411713262,
          0.02198907924342608,
          0.1658958565360913,
          0.12481635084045517,
          0.08529087653413026,
          0.0830011956565817,
          0.17859354042938147
        ],
        [
          12.390083583136583,
          12.390084264164214,
          12.320611942193672,
          12.369242044876957,
          13.019637267098775,
          12.25466313969806,
          12.469111851033515,
          12.376518113505037,
          12.376518113505037,
          12.515392762177667,
          12.552386508373488,
          12.41075703360998,
          12.921626577988993,
          12.40529089021536,
          12.255713624582036,
          12.744927990537795,
          12.626173848510719,
          12.177030851792813,
          12.225336790510646,
          12.547835585306338
        ],
        [
          0.020841516124282422,
          0.020842197151913933,
          0.06392295279785398,
          0.0,
          0.03822401830277289,
          0.09250760456235496,
          0.02750245111657157,
          0.007276068628081944,
          0.007276068628081944,
          0.034724783544386795,
          0.15405474714139267,
          0.04151496740506877,
          0.2085335865784934,
          0.05363195411713262,
          0.02198907924342608,
          0.1658958565360913,
          0.12481635084045517,
          0.08529087653413026,
          0.0830011956565817,
          0.17859354042938147
        ]
      ],
      "mean_regret": 2.551181104277713,
      "selection_stats": {
        "mdp_counts": null
      },
      "constraint_stats": {
        "constraint_counts": [
          5,
          5,
          5,
          5,
          5
        ],
        "coverages": [
          1.0,
          1.0,
          1.0,
          1.0,
          1.0
        ],
        "mean_unique_constraints": 5.0,
        "mean_coverage": 1.0
      }
    },
    "random": {
      "regret": [
        [
          0.07559888932688152,
          0.07477957869080432,
          0.2002129818398366,
          0.027584370704158756,
          0.14773876470797154,
          0.09250760456235496,
          0.10800467066866126,
          0.007276068628081944,
          0.007276068628081944,
          0.034724783544386795,
          0.29053818775556994,
          0.20456052185312834,
          0.4743612691099215,
          0.13590559526073664,
          0.23883922860035978,
          0.5989225916812606,
          0.45158782697768407,
          0.2206334871734681,
          0.4074154580911147,
          0.31392055491959314
        ],
        [
          0.020841516124282422,
          0.020842197151913933,
          0.11416768355037687,
          0.0,
          0.05500803891256467,
          0.08461786789096704,
          0.02750245111657157,
          0.007276068628081944,
          0.007276068628081944,
          0.034724783544386795,
          0.15405474714139267,
          0.04151496740506877,
          0.30695600659886146,
          0.176516715220026,
          0.011426863001214205,
          0.1658958565360913,
          0.12481635084045517,
          0.13643875157810625,
          0.16591058412730897,
          0.164765348942556
        ],
        [
          0.020841516124282422,
          0.020842197151913933,
          0.06392295279785398,
          0.0,
          0.03822401830277289,
          0.09250760456235496,
          0.02750245111657157,
          0.007276068628081944,
          0.007276068628081944,
          0.034724783544386795,
          0.15405474714139267,
          0.04151496740506877,
          0.2559419701783172,
          0.05363195411713262,
          0.02198907924342608,
          0.1658958565360913,
          0.12481635084045517,
          0.08529087653413026,
          0.0830011956565817,
          0.17859354042938147
        ],
        [
          0.020841516124282422,
          0.020842197151913933,
          0.11416768355037687,
          0.0,
          0.040562575837411075,
          0.07043807335504426,
          0.02750245111657157,
          0.007276068628081944,
          0.007276068628081944,
          0.024430410282268555,
          0.15405474714139267,
          0.04151496740506877,
          0.24943989990657323,
          0.09519790921117588,
          0.003720352784808867,
          0.1658958565360913,
          0.12481635084045517,
          0.10607992610917694,
          0.0942794135879017,
          0.010852221825067065
        ],
        [
          0.020841516124282422,
          0.020842197151913933,
          0.11416768355037687,
          0.0,
          0.040562575837411075,
          0.07043807335504426,
          0.02750245111657157,
          0.007276068628081944,
          0.007276068628081944,
          0.024430410282268555,
          0.15405474714139267,
          0.04151496740506877,
          0.2085335865784934,
          0.013144810111272776,
          0.00640758511467121,
          0.1658958565360913,
          0.12481635084045517,
          0.07524654065361025,
          0.0942794135879017,
          0.010852221825067065
        ]
      ],
      "mean_regret": 0.10018061383090444,
      "selection_stats": {
        "mdp_counts": [
          4,
          4,
          4,
          4,
          4
        ],
        "mean_mdp_count": 4.0
      },