{
  "two_stage_regret": [
    12.390083582856413,
    12.390084263884043,
    12.262863118845072,
    12.416036100484414,
    12.8414948124279,
    12.167437211299575,
    12.455423195639565,
    12.348730115539048,
    12.348730115539048,
    12.47738388730759,
    12.400615521185639,
    12.36281535755945,
    12.661808647969625,
    12.222753756095672,
    12.221217739877012,
    12.615551931311066,
    12.586191426109062,
    12.257086783407553,
    12.15033713273608,
    12.244540678044611
  ],
  "random_regret": [
    [
      0.0,
      0.0,
      0.0876949672619507,
      0.11833327459084186,
      0.07446968818042543,
      0.08752579878024114,
      0.0,
      0.009421320928389543,
      0.009421320928389543,
      0.0,
      0.09871660126176618,
      0.04460058128018618,
      0.12085316241054178,
      0.3208238395553842,
      0.052120451850953486,
      0.06665913161594261,
      0.12696260480563515,
      0.271486601895649,
      0.21820915438449306,
      0.08013349248276125
    ],
    [
      0.0,
      0.0,
      0.0876949672619507,
      0.11833327459084186,
      0.07446968818042543,
      0.08752579878024114,
      0.0,
      0.009421320928389543,
      0.009421320928389543,
      0.0,
      0.09871660126176618,
      0.04460058128018618,
      0.12085316241054178,
      0.3208238395553842,
      0.052120451850953486,
      0.06665913161594261,
      0.12696260480563515,
      0.271486601895649,
      0.21820915438449306,
      0.08013349248276125
    ],
    [
      0.0,
      0.0,
      0.0876949672619507,
      0.11833327459084186,
      0.07446968818042543,
      0.08752579878024114,
      0.0,
      0.009421320928389543,
      0.009421320928389543,
      0.0,
      0.09871660126176618,
      0.04460058128018618,
      0.12085316241054178,
      0.3208238395553842,
      0.052120451850953486,
      0.06665913161594261,
      0.12696260480563515,
      0.271486601895649,
      0.21820915438449306,
      0.08013349248276125
    ],
    [
      0.0,
      0.0,
      0.0876949672619507,
      0.11833327459084186,
      0.07446968818042543,
      0.08752579878024114,
      0.0,
      0.009421320928389543,
      0.009421320928389543,
      0.0,
      0.09871660126176618,
      0.04460058128018618,
      0.12085316241054178,
      0.3208238395553842,
      0.052120451850953486,
      0.06665913161594261,
      0.12696260480563515,
      0.271486601895649,
      0.21820915438449306,
      0.08013349248276125
    ],
    [
      0.0,
      0.0,
      0.0876949672619507,
      0.11833327459084186,
      0.07446968818042543,
      0.08752579878024114,
      0.0,
      0.009421320928389543,
      0.009421320928389543,
      0.0,
      0.09871660126176618,
      0.04460058128018618,
      0.12085316241054178,
      0.3208238395553842,
      0.052120451850953486,
      0.06665913161594261,
      0.12696260480563515,
      0.271486601895649,
      0.21820915438449306,
      0.08013349248276125
    ]
  ],
  "random_mdp_scot_regret": [
    [
      0.0,
      0.0,
      0.0876949672619507,
      0.11833327459084186,
      0.07446968818042543,
      0.08752579878024114,
      0.0,
      0.009421320928389543,
      0.009421320928389543,
      0.0,
      0.09871660126176618,
      0.04460058128018618,
      0.12085316241054178,
      0.3208238395553842,
      0.052120451850953486,
      0.06665913161594261,
      0.12696260480563515,
      0.271486601895649,
      0.21820915438449306,
      0.08013349248276125
    ],
    [
      0.0,
      0.0,
      0.0876949672619507,
      0.11833327459084186,
      0.07446968818042543,
      0.08752579878024114,
      0.0,
      0.009421320928389543,
      0.009421320928389543,
      0.0,
      0.09871660126176618,
      0.04460058128018618,
      0.12085316241054178,
      0.3208238395553842,
      0.052120451850953486,
      0.06665913161594261,
      0.12696260480563515,
      0.271486601895649,
      0.21820915438449306,
      0.08013349248276125
    ],
    [
      0.0,
      0.0,
      0.0876949672619507,
      0.11833327459084186,
      0.07446968818042543,
      0.08752579878024114,
      0.0,
      0.009421320928389543,
      0.009421320928389543,
      0.0,
      0.09871660126176618,
      0.04460058128018618,
      0.12085316241054178,
      0.3208238395553842,
      0.052120451850953486,
      0.06665913161594261,
      0.12696260480563515,
      0.271486601895649,
      0.21820915438449306,
      0.08013349248276125
    ],
    [
      0.0,
      0.0,
      0.0876949672619507,
      0.11833327459084186,
      0.07446968818042543,
      0.08752579878024114,
      0.0,
      0.009421320928389543,
      0.009421320928389543,
      0.0,
      0.09871660126176618,
      0.04460058128018618,
      0.12085316241054178,
      0.3208238395553842,
      0.052120451850953486,
      0.06665913161594261,
      0.12696260480563515,
      0.271486601895649,
      0.21820915438449306,
      0.08013349248276125
    ],
    [
      0.0,
      0.0,
      0.0876949672619507,
      0.11833327459084186,
      0.07446968818042543,
      0.08752579878024114,
      0.0,
      0.009421320928389543,
      0.009421320928389543,
      0.0,
      0.09871660126176618,
      0.04460058128018618,
      0.12085316241054178,
      0.3208238395553842,
      0.052120451850953486,
      0.06665913161594261,
      0.12696260480563515,
      0.271486601895649,
      0.21820915438449306,
      0.08013349248276125
    ]
  ],
  "two_stage_mean": 12.391059268905922,
  "random_mean": 0.08937159961067756,
  "random_mdp_scot_mean": 0.08937159961067756,
  "num_atoms_selected": 0,
  "num_envs_used": 0,
  "used_envs": [],
  "U_demo_unique": 5,
  "U_atoms_unique": 6,
  "U_union_unique": 5,
  "atom_implied_unique": 0,
  "config": {
    "seed": 1377,
    "n_envs": 20,
    "grid_size": 6,
    "gamma": 0.99,
    "feedback": [
      "demo"
    ],
    "state_fraction": 0.05,
    "total_budget": 0,
    "random_trials": 5,
    "alloc_method": "uniform",
    "alloc_alpha": null,
    "birl": {
      "beta": 2.0,
      "samples": 1000,
      "stepsize": 0.6
    }
  },
  "two_stage_constraints": {
    "unique_constraints": 0,
    "coverage": 0.0
  },
  "random_constraints": {
    "mdp_counts": [
      0,
      0,
      0,
      0,
      0
    ],
    "constraint_counts": [
      0,
      0,
      0,
      0,
      0
    ],
    "coverages": [
      0.0,
      0.0,
      0.0,
      0.0,
      0.0
    ],
    "mean_mdp_count": 0.0,
    "mean_unique_constraints": 0.0,
    "mean_coverage": 0.0
  },