{
    "SCOT": {
        "regret_map": [
            2.779129214083492,
            13.703525618079263,
            6.775622329947874,
            0.16426864052555978,
            7.565431131892321
        ],
        "regret_mean": [
            18.100890261097813,
            15.228458606129896,
            16.85335745882937,
            16.48853066481068,
            16.733035885045965
        ]
    },
    "BIRL": {
        "SCOT_accept_rate": 0.12666666666666668
    },
    "metadata": {
        "W_TRUE": [
            -0.17538104040930025,
            -0.07261580840131682,
            -0.9818189420841169
        ],
        "experiment_dir": "results_universal/exp_env5_size5_fd3_fb0_20251214-192437",
        "n_envs": 5,
        "mdp_size": 5,
        "feature_dim": 3,
        "w_true_mode": "random_signed",
        "feedback": {
            "demos": true,
            "pairwise": false,
            "estop": false,
            "improvement": false,
            "feedback_count": 0
        },
        "random_trials": 0,
        "seed": 7099066,
        "coverage": {
            "num_universal": 4,
            "num_scot_constraints": 9,
            "num_covered": 4,
            "num_missed": 0,
            "coverage_pct": 100.0
        },
        "scot_env_stats": {
            "0": {
                "num_atoms": 2,
                "total_coverage": 3,
                "indices": [
                    0,
                    1
                ],
                "coverage_counts": [
                    2,
                    1
                ]
            },
            "1": {
                "num_atoms": 0,
                "total_coverage": 0,
                "indices": [],
                "coverage_counts": []
            },
            "2": {
                "num_atoms": 1,
                "total_coverage": 1,
                "indices": [
                    2
                ],
                "coverage_counts": [
                    1
                ]
            },
            "3": {
                "num_atoms": 0,
                "total_coverage": 0,
                "indices": [],
                "coverage_counts": []
            },
            "4": {
                "num_atoms": 0,
                "total_coverage": 0,
                "indices": [],
                "coverage_counts": []
            }
        },
        "num_envs_activated": 2
    }
}