{
    "SCOT": {
        "regret_map": [
            108.7152044014044,
            76.11660009840665,
            69.53612937523135,
            97.85118077778833,
            172.99141474952876,
            119.33362928104361,
            141.19293832783876,
            106.67444724857108,
            86.70625912500367,
            200.60341895982913,
            191.3935815521765,
            107.16857656630937,
            72.62907470940587,
            128.32245947347067,
            97.11818339316389,
            107.19487626023275,
            252.02011065508387,
            65.46513333082488,
            115.58380860089301,
            172.59663726246194
        ],
        "regret_mean": [
            108.7152044014044,
            76.11660009840665,
            69.53612937523135,
            97.85118077778833,
            172.99141474952876,
            119.33362928104361,
            141.19293832783876,
            106.67444724857108,
            86.70625912500367,
            200.60341895982913,
            191.3935815521765,
            107.16857656630937,
            72.62907470940587,
            128.32245947347067,
            97.11818339316389,
            107.19487626023275,
            252.02011065508387,
            65.46513333082488,
            115.58380860089301,
            172.59663726246194
        ]
    },
    "RANDOM": {
        "regret_map": [
            [
                0.0,
                0.0,
                1.4210854715202004e-14,
                0.0,
                1.2789769243681803e-13,
                0.12515214722952805,
                0.07316142000152581,
                1.4210854715202004e-13,
                0.03321645099664039,
                1.1368683772161603e-13,
                1.9895196601282805e-13,
                7.105427357601002e-14,
                2.842170943040401e-14,
                9.947598300641403e-14,
                4.973799150320701e-14,
                1.2079226507921703e-13,
                1.9895196601282805e-13,
                0.04764136991176571,
                0.0,
                4.121147867408581e-13
            ],
            [
                0.0,
                0.0,
                1.4210854715202004e-14,
                0.0,
                1.2789769243681803e-13,
                0.0,
                0.0,
                1.4210854715202004e-13,
                0.008963246746915843,
                1.1368683772161603e-13,
                1.9895196601282805e-13,
                7.105427357601002e-14,
                2.842170943040401e-14,
                9.947598300641403e-14,
                4.973799150320701e-14,
                1.2079226507921703e-13,
                1.9895196601282805e-13,
                0.0,
                0.0,
                4.121147867408581e-13
            ],
            [
                0.0,
                0.0,
                1.4210854715202004e-14,
                0.0,
                1.2789769243681803e-13,
                0.0,
                0.0,
                1.4210854715202004e-13,
                8.526512829121202e-14,
                1.1368683772161603e-13,
                1.9895196601282805e-13,
                7.105427357601002e-14,
                2.842170943040401e-14,
                9.947598300641403e-14,
                4.973799150320701e-14,
                1.2079226507921703e-13,
                1.9895196601282805e-13,
                0.0,
                0.0,
                4.121147867408581e-13
            ],
            [
                78.69726587814654,
                55.62113807011485,
                50.318015184393694,
                70.82979775144673,
                125.67539513951122,
                86.44665496928674,
                102.4549355623643,
                77.10009017873368,
                63.227407414807956,
                146.20576710020504,
                139.81632063723004,
                78.26012419665949,
                52.62188077448827,
                93.37417609790397,
                70.62443948487717,
                77.87600041143332,
                182.8531315963056,
                47.38169756595471,
                83.28807846495093,
                126.3430976395777
            ],
            [
                0.02966576710814195,
                0.014926543677823645,
                0.02985308735567571,
                0.01492654367783075,
                0.04466208362300961,
                0.26378746736872927,
                0.05798531831655396,
                1.4210854715202004e-13,
                0.014926543677916015,
                0.029755918200791598,
                1.9895196601282805e-13,
                0.05934312983434609,
                0.014926543677859172,
                0.029853087355760977,
                0.0744233765286566,
                0.014926543677944437,
                0.07463271838929586,
                0.1686709360470644,
                0.1773906664089253,
                0.014926543678228654
            ],
            [
                0.0,
                0.0,
                1.4210854715202004e-14,
                0.0,
                1.2789769243681803e-13,
                0.0,
                0.07316142000152581,
                1.4210854715202004e-13,
                0.03321645099664039,
                1.1368683772161603e-13,
                1.9895196601282805e-13,
                7.105427357601002e-14,
                2.842170943040401e-14,
                9.947598300641403e-14,
                4.973799150320701e-14,
                1.2079226507921703e-13,
                1.9895196601282805e-13,
                0.04764136991176571,
                0.0,
                4.121147867408581e-13
            ],
            [
                0.02966576710814195,
                0.014926543677823645,
                0.02985308735567571,
                0.01492654367783075,
                0.04466208362300961,
                0.26378746736872927,
                0.05798531831655396,
                1.4210854715202004e-13,
                0.014926543677916015,
                0.029755918200791598,
                1.9895196601282805e-13,
                0.05934312983434609,
                0.014926543677859172,
                0.029853087355760977,
                0.0744233765286566,
                0.014926543677944437,
                0.07463271838929586,
                0.08760575033473117,
                0.1773906664089253,
                0.014926543678228654
            ],
            [
                0.0,
                0.0,
                1.4210854715202004e-14,
                0.0,
                1.2789769243681803e-13,
                0.0,
                0.0,
                1.4210854715202004e-13,
                8.526512829121202e-14,
                1.1368683772161603e-13,
                1.9895196601282805e-13,
                7.105427357601002e-14,
                2.842170943040401e-14,
                9.947598300641403e-14,
                4.973799150320701e-14,
                1.2079226507921703e-13,
                1.9895196601282805e-13,
                0.0,
                0.0,
                4.121147867408581e-13
            ],
            [
                0.0,
                0.0,
                1.4210854715202004e-14,
                0.0,
                1.2789769243681803e-13,
                0.0,
                0.0,
                1.4210854715202004e-13,
                8.526512829121202e-14,
                1.1368683772161603e-13,
                1.9895196601282805e-13,
                7.105427357601002e-14,
                2.842170943040401e-14,
                9.947598300641403e-14,
                4.973799150320701e-14,
                1.2079226507921703e-13,
                1.9895196601282805e-13,
                0.0,
                0.0,
                4.121147867408581e-13
            ],
            [
                0.0,
                0.0,
                1.4210854715202004e-14,
