{
    "SCOT": {
        "regret_map": [
            0.0,
            0.0,
            0.0,
            0.0,
            0.0,
            0.0,
            0.0,
            0.0,
            0.0,
            0.0,
            0.0,
            0.0,
            0.0,
            0.0,
            0.0,
            0.0,
            0.0,
            0.0,
            0.0,
            0.0,
            0.0,
            0.0,
            0.0,
            0.0,
            0.0,
            0.0,
            0.0,
            0.0,
            0.0,
            0.0,
            0.0,
            0.0,
            0.0,
            0.0,
            0.0,
            0.0,
            0.0,
            0.0,
            0.0,
            0.0,
            0.0,
            0.0,
            0.0,
            0.0,
            0.0,
            0.0,
            0.0,
            0.0,
            0.0,
            0.0
        ],
        "regret_mean": [
            0.009087607012261856,
            0.017555590150564626,
            0.0,
            0.024533061129190514,
            0.013699910068723398,
            0.10705629609708467,
            0.022696641010867324,
            0.0038556800818270176,
            0.022076560473237805,
            0.02203089410635073,
            0.009133273379148932,
            0.06666040576816101,
            0.04156304289311663,
            0.02833456018670688,
            0.01223944005242572,
            0.0288774560270042,
            0.03649794012056873,
            0.01365424370182211,
            0.0382341133802413,
            7.973389715656026,
            0.026506654725793055,
            0.004566636689574466,
            0.012943287094088873,
            0.01684463354283139,
            0.021365603865504568,
            0.02735415377055972,
            0.007711360163654035,
            0.018220880391425,
            0.016844633542817178,
            0.02127472779538664,
            0.046779224019601884,
            0.06204824040356982,
            0.026270897619042444,
            0.022949177189005354,
            0.14355480541765075,
            0.021351455829005772,
            0.01195136367634575,
            0.0356399281049562,
            0.04885220834376014,
            0.02852098512738621,
            0.004566636689574466,
            0.02597790692198032,
            0.017555590150564626,
            0.03362033413672805,
            0.05957672108060308,
            0.004566636689588677,
            0.032486497297355754,
            0.06573719636533326,
            0.027533188716333257,
            0.013692800502639102
        ]
    },
    "BIRL": {
        "SCOT_accept_rate": 0.136
    },
    "metadata": {
        "W_TRUE": [
            -0.05925762761185651,
            -0.0336631897331562,
            0.977817326287523,
            -0.19806211055808662
        ],
        "experiment_dir": "results_universal/exp_env50_size6_fd4_fb0_20251214-194329",
        "n_envs": 50,
        "mdp_size": 6,
        "feature_dim": 4,
        "w_true_mode": "random_signed",
        "feedback": {
            "demos": true,
            "pairwise": false,
            "estop": false,
            "improvement": false,
            "feedback_count": 0
        },
        "random_trials": 0,
        "seed": 421150,
        "coverage": {
            "num_universal": 6,
            "num_scot_constraints": 18,
            "num_covered": 6,
            "num_missed": 0,
            "coverage_pct": 100.0
        },
        "scot_env_stats": {
            "0": {
                "num_atoms": 1,
                "total_coverage": 1,
                "indices": [
                    0
                ],
                "coverage_counts": [
                    1
                ]
            },
            "1": {
                "num_atoms": 0,
                "total_coverage": 0,
                "indices": [],
                "coverage_counts": []
            },
            "2": {
                "num_atoms": 0,
                "total_coverage": 0,
                "indices": [],
                "coverage_counts": []
            },
            "3": {
                "num_atoms": 1,
                "total_coverage": 1,
                "indices": [
                    1
                ],
                "coverage_counts": [
                    1
                ]
            },
            "4": {
                "num_atoms": 0,
                "total_coverage": 0,
                "indices": [],
                "coverage_counts": []
            },
            "5": {
                "num_atoms": 2,
                "total_coverage": 2,
                "indices": [
                    2,
                    3
                ],
                "coverage_counts": [
                    1,
                    1
                ]
            },
            "6": {
                "num_atoms": 0,
                "total_coverage": 0,
                "indices": [],
                "coverage_counts": []
            },
            "7": {
                "num_atoms": 0,
                "total_coverage": 0,
                "indices": [],
                "coverage_counts": []
            },
            "8": {
                "num_atoms": 0,
                "total_coverage": 0,
                "indices": [],
                "coverage_counts": []
            },
            "9": {
                "num_atoms": 0,
                "total_coverage": 0,
                "indices": [],
                "coverage_counts": []
            },
            "10": {
                "num_atoms": 0,
                "total_coverage": 0,
                "indices": [],
                "coverage_counts": []
            },
            "11": {
                "num_atoms": 0,
                "total_coverage": 0,
                "indices": [],
                "coverage_counts": []
            },
            "12": {
                "num_atoms": 0,
                "total_coverage": 0,
                "indices": [],
                "coverage_counts": []
            },
            "13": {
                "num_atoms": 0,
                "total_coverage": 0,
                "indices": [],
                "coverage_counts": []
            },
            "14": {
                "num_atoms": 0,
                "total_coverage": 0,
                "indices": [],
                "coverage_counts": []
            },
            "15": {
                "num_atoms": 0,
                "total_coverage": 0,
                "indices": [],
                "coverage_counts": []
            },
            "16": {
                "num_atoms": 0,
                "total_coverage": 0,
                "indices": [],
                "coverage_counts": []
            },
            "17": {
                "num_atoms": 0,
                "total_coverage": 0,
                "indices": [],
                "coverage_counts": []
            },
            "18": {
                "num_atoms": 0,
                "total_coverage": 0,
                "indices": [],
                "coverage_counts": []
            },
            "19": {
                "num_atoms": 2,
                "total_coverage": 2,
                "indices": [
                    4,
                    5
                ],
                "coverage_counts": [
                    1,
                    1
                ]
            },
            "20": {
                "num_atoms": 0,
                "total_coverage": 0,
                "indices": [],
                "coverage_counts": []
            },
            "21": {
                "num_atoms": 0,
                "total_coverage": 0,
                "indices": [],
                "coverage_counts": []
            },
            "22": {
                "num_atoms": 0,
                "total_coverage": 0,
                "indices": [],
                "coverage_counts": []
            },
            "23": {
                "num_atoms": 0,
                "total_coverage": 0,
                "indices": [],