{
  "args": {
    "n_envs": 50,
    "mdp_size": 5,
    "feature_dim": 4,
    "total_budget": 4000,
    "demo_env_fraction": 0.2,
    "seed": 42,
    "heuristic_k": 500,
    "top_frac": 0.25,
    "result_dir": "results_scot_vs_heuristic"
  },
  "U_global_size": 6,
  "heuristic_ranking": {
    "15": 15,
    "34": 13,
    "3": 12,
    "24": 12,
    "40": 12,
    "2": 11,
    "9": 11,
    "20": 11,
    "31": 11,
    "5": 10,
    "23": 10,
    "26": 10,
    "30": 10,
    "38": 10,
    "45": 10,
    "47": 10,
    "1": 9,
    "4": 9,
    "8": 9,
    "27": 9,
    "29": 9,
    "33": 9,
    "43": 9,
    "49": 9,
    "7": 8,
    "18": 8,
    "21": 8,
    "32": 8,
    "35": 8,
    "36": 8,
    "39": 8,
    "0": 7,
    "6": 7,
    "10": 7,
    "11": 7,
    "13": 7,
    "14": 7,
    "19": 7,
    "37": 7,
    "41": 7,
    "46": 7,
    "48": 7,
    "16": 6,
    "22": 6,
    "28": 6,
    "42": 6,
    "44": 6,
    "17": 5,
    "25": 5,
    "12": 4
  },
  "selected_envs": [
    15,
    34,
    3,
    24,
    40,
    2,
    9,
    20,
    31,
    5,
    23,
    26
  ],
  "naive": {
    "atoms": 4,
    "inspected_envs": 50,
    "activated_envs": 4,
    "final_coverage": 4,
    "runtime": 0.43448972702026367
  },
  "heuristic": {
    "atoms": 0,
    "inspected_envs": 12,
    "activated_envs": 0,
    "final_coverage": 0,
    "runtime": 6.197079181671143
  }
}