{
  "args": {
    "n_envs": 50,
    "mdp_size": 8,
    "feature_dim": 4,
    "total_budget": 2000,
    "demo_env_fraction": 0.5,
    "seed": 42,
    "heuristic_k": 100,
    "top_frac": 0.2,
    "result_dir": "results_scot_vs_heuristic"
  },
  "U_global_size": 8,
  "heuristic_ranking": {
    "12": 12,
    "21": 11,
    "25": 11,
    "46": 11,
    "3": 10,
    "42": 10,
    "44": 10,
    "47": 10,
    "49": 10,
    "4": 9,
    "9": 9,
    "14": 9,
    "28": 9,
    "30": 9,
    "35": 9,
    "37": 9,
    "39": 9,
    "2": 8,
    "6": 8,
    "7": 8,
    "10": 8,
    "13": 8,
    "15": 8,
    "18": 8,
    "20": 8,
    "26": 8,
    "31": 8,
    "38": 8,
    "45": 8,
    "1": 7,
    "11": 7,
    "16": 7,
    "23": 7,
    "29": 7,
    "32": 7,
    "40": 7,
    "41": 7,
    "48": 7,
    "0": 6,
    "5": 6,
    "8": 6,
    "19": 6,
    "24": 6,
    "27": 6,
    "33": 6,
    "43": 6,
    "22": 5,
    "36": 5,
    "17": 4,
    "34": 3
  },
  "selected_envs": [
    12,
    21,
    25,
    46,
    3,
    42,
    44,
    47,
    49,
    4
  ],
  "naive": {
    "atoms": 5,
    "inspected_envs": 50,
    "activated_envs": 5,
    "final_coverage": 5,
    "runtime": 0.3141148090362549
  },
  "heuristic": {
    "atoms": 1,
    "inspected_envs": 10,
    "activated_envs": 1,
    "final_coverage": 1,
    "runtime": 4.433208703994751
  }
}