{
  "args": {
    "n_envs": 50,
    "mdp_size": 5,
    "feature_dim": 4,
    "total_budget": 4000,
    "demo_env_fraction": 0.5,
    "seed": 42,
    "feedback": [
      "demo",
      "pairwise",
      "estop",
      "improvement"
    ],
    "heuristic_k": 500,
    "top_frac": 0.3,
    "result_dir": "results_scot_vs_heuristic"
  },
  "U_global_size": 10,
  "heuristic_ranking": {
    "11": 12,
    "23": 12,
    "24": 12,
    "39": 12,
    "5": 11,
    "13": 11,
    "16": 11,
    "49": 11,
    "1": 10,
    "27": 10,
    "37": 10,
    "41": 10,
    "43": 10,
    "3": 9,
    "6": 9,
    "8": 9,
    "18": 9,
    "20": 9,
    "30": 9,
    "34": 9,
    "0": 8,
    "2": 8,
    "9": 8,
    "10": 8,
    "19": 8,
    "21": 8,
    "25": 8,
    "26": 8,
    "31": 8,
    "32": 8,
    "36": 8,
    "45": 8,
    "47": 8,
    "4": 7,
    "7": 7,
    "14": 7,
    "15": 7,
    "28": 7,
    "29": 7,
    "38": 7,
    "40": 7,
    "42": 7,
    "46": 7,
    "48": 7,
    "33": 6,
    "35": 6,
    "44": 6,
    "12": 4,
    "17": 4,
    "22": 4
  },
  "selected_envs": [
    11,
    23,
    24,
    39,
    5,
    13,
    16,
    49,
    1,
    27,
    37,
    41,
    43,
    3,
    6
  ],
  "naive": {
    "atoms": 8,
    "inspected_envs": 50,
    "activated_envs": 6,
    "final_coverage": 8,
    "runtime": 0.45151400566101074
  },
  "heuristic": {
    "atoms": 0,
    "inspected_envs": 15,
    "activated_envs": 0,
    "final_coverage": 0,
    "runtime": 7.377527475357056
  }
}