{
    "SCOT": {
        "regret_map": [
            0.0,
            0.0,
            0.0,
            0.0,
            0.0,
            0.0,
            0.0,
            0.0,
            0.0,
            0.0,
            0.0,
            0.0,
            0.0,
            0.0,
            0.0,
            0.0,
            0.0,
            0.0,
            0.0,
            0.0,
            0.0,
            0.0,
            0.0,
            0.0,
            0.0,
            0.0,
            0.0,
            0.0,
            0.0,
            0.0,
            0.0,
            0.0,
            0.0,
            0.0,
            0.0,
            0.0,
            0.0,
            0.0,
            0.0,
            0.0,
            0.0,
            0.0,
            0.0,
            0.0,
            0.0,
            0.0,
            0.0,
            0.0,
            0.0,
            0.0
        ],
        "regret_mean": [
            0.0,
            0.0,
            0.0,
            0.0,
            0.0,
            0.0,
            0.0,
            0.0,
            0.0,
            0.0,
            0.0,
            0.0,
            0.0,
            0.0,
            0.0,
            0.0,
            0.0,
            0.0,
            0.0,
            0.0,
            0.0,
            0.0,
            0.0,
            0.0,
            0.0,
            0.0,
            0.0,
            0.0,
            0.0,
            0.0,
            0.0,
            0.0,
            0.0,
            0.0,
            0.0,
            0.0,
            0.0,
            0.0,
            0.0,
            0.0,
            0.0,
            0.0,
            0.0,
            0.0,
            0.0,
            0.0,
            0.0,
            0.0,
            0.0,
            0.0
        ]
    },
    "BIRL": {
        "SCOT_accept_rate": 0.304
    },
    "metadata": {
        "W_TRUE": [
            -0.6465235383905134,
            0.6933211437461453,
            0.31829719750815805
        ],
        "experiment_dir": "results_universal/exp_env50_size5_fd3_fb0_20251214-193310",
        "n_envs": 50,
        "mdp_size": 5,
        "feature_dim": 3,
        "w_true_mode": "random_signed",
        "feedback": {
            "demos": true,
            "pairwise": false,
            "estop": false,
            "improvement": false,
            "feedback_count": 0
        },
        "random_trials": 0,
        "seed": 7211500,
        "coverage": {
            "num_universal": 3,
            "num_scot_constraints": 6,
            "num_covered": 3,
            "num_missed": 0,
            "coverage_pct": 100.0
        },
        "scot_env_stats": {
            "0": {
                "num_atoms": 1,
                "total_coverage": 2,
                "indices": [
                    0
                ],
                "coverage_counts": [
                    2
                ]
            },
            "1": {
                "num_atoms": 0,
                "total_coverage": 0,
                "indices": [],
                "coverage_counts": []
            },
            "2": {
                "num_atoms": 0,
                "total_coverage": 0,
                "indices": [],
                "coverage_counts": []
            },
            "3": {
                "num_atoms": 0,
                "total_coverage": 0,
                "indices": [],
                "coverage_counts": []
            },
            "4": {
                "num_atoms": 0,
                "total_coverage": 0,
                "indices": [],
                "coverage_counts": []
            },
            "5": {
                "num_atoms": 0,
                "total_coverage": 0,
                "indices": [],
                "coverage_counts": []
            },
            "6": {
                "num_atoms": 0,
                "total_coverage": 0,
                "indices": [],
                "coverage_counts": []
            },
            "7": {
                "num_atoms": 0,
                "total_coverage": 0,
                "indices": [],
                "coverage_counts": []
            },
            "8": {
                "num_atoms": 0,
                "total_coverage": 0,
                "indices": [],
                "coverage_counts": []
            },
            "9": {
                "num_atoms": 0,
                "total_coverage": 0,
                "indices": [],
                "coverage_counts": []
            },
            "10": {
                "num_atoms": 0,
                "total_coverage": 0,
                "indices": [],
                "coverage_counts": []
            },
            "11": {
                "num_atoms": 0,
                "total_coverage": 0,
                "indices": [],
                "coverage_counts": []
            },
            "12": {
                "num_atoms": 0,
                "total_coverage": 0,
                "indices": [],
                "coverage_counts": []
            },
            "13": {
                "num_atoms": 0,
                "total_coverage": 0,
                "indices": [],
                "coverage_counts": []
            },
            "14": {
                "num_atoms": 0,
                "total_coverage": 0,
                "indices": [],
                "coverage_counts": []
            },
            "15": {
                "num_atoms": 0,
                "total_coverage": 0,
                "indices": [],
                "coverage_counts": []
            },
            "16": {
                "num_atoms": 1,
                "total_coverage": 1,
                "indices": [
                    1
                ],
                "coverage_counts": [
                    1
                ]
            },
            "17": {
                "num_atoms": 0,
                "total_coverage": 0,
                "indices": [],
                "coverage_counts": []
            },
            "18": {
                "num_atoms": 0,
                "total_coverage": 0,
                "indices": [],
                "coverage_counts": []
            },
            "19": {
                "num_atoms": 0,
                "total_coverage": 0,
                "indices": [],
                "coverage_counts": []
            },
            "20": {
                "num_atoms": 0,
                "total_coverage": 0,
                "indices": [],
                "coverage_counts": []
            },
            "21": {
                "num_atoms": 0,
                "total_coverage": 0,
                "indices": [],
                "coverage_counts": []
            },
            "22": {
                "num_atoms": 0,
                "total_coverage": 0,
                "indices": [],
                "coverage_counts": []
            },
            "23": {
                "num_atoms": 0,
                "total_coverage": 0,
                "indices": [],
                "coverage_counts": []
            },
            "24": {
                "num_atoms": 0,
                "total_coverage": 0,
                "indices": [],
                "coverage_counts": []
            },
            "25": {
                "num_atoms": 0,
                "total_coverage": 0,
                "indices": [],
                "coverage_counts": []
            },
            "26": {
                "num_atoms": 0,
                "total_coverage": 0,
                "indices": [],
                "coverage_counts": []
            },
            "27": {
                "num_atoms": 0,
                "total_coverage": 0,
                "indices": [],
                "coverage_counts": []
            },
            "28": {
                "num_atoms": 0,
                "total_coverage": 0,
                "indices": [],
                "coverage_counts": []
            },
            "29": {
                "num_atoms": 0,
                "total_coverage": 0,
                "indices": [],
                "coverage_counts": []
            },