{
    "SCOT": {
        "regret_map": [
            54.978870636407834,
            55.81530503474936,
            55.19784621154901,
            54.257376704323946,
            53.81642482354421,
            54.13970345054467,
            56.47458352477162,
            54.07910331003261,
            54.983049281359186,
            54.81038626774809
        ],
        "regret_mean": [
            54.88743191072491,
            55.691940381247846,
            55.052772833824136,
            53.885259329827015,
            54.19578717215836,
            53.7855469395694,
            56.042111034720236,
            53.87781703142553,
            54.893394883864225,
            54.78509263560958
        ]
    },
    "BIRL": {
        "SCOT_accept_rate": 0.534
    },
    "metadata": {
        "W_TRUE": [
            0.18817375576319426,
            -0.6422275881713418,
            0.4634306030554158,
            0.5808325393650813
        ],
        "experiment_dir": "results_of_scot/exp_env10_size5_fd4_fb50000_20251219-023411",
        "n_envs": 10,
        "mdp_size": 5,
        "feature_dim": 4,
        "w_true_mode": "random_signed",
        "feedback": {
            "demos": false,
            "pairwise": false,
            "estop": true,
            "improvement": false,
            "feedback_count": 50000
        },
        "random_trials": 0,
        "seed": 42,
        "coverage": {
            "num_universal": 18,
            "num_scot_constraints": 13,
            "num_covered": 13,
            "num_missed": 5,
            "coverage_pct": 72.22222222222221
        },
        "scot_env_stats": {
            "0": {
                "num_atoms": 4,
                "total_coverage": 4,
                "coverage_counts": [
                    1,
                    1,
                    1,
                    1
                ],
                "was_inspected": true,
                "precompute_time": 15.359215021133423
            },
            "1": {
                "num_atoms": 0,
                "total_coverage": 0,
                "coverage_counts": [],
                "was_inspected": true,
                "precompute_time": 11.816971063613892
            },
            "2": {
                "num_atoms": 5,
                "total_coverage": 5,
                "coverage_counts": [
                    1,
                    1,
                    1,
                    1,
                    1
                ],
                "was_inspected": true,
                "precompute_time": 13.434243440628052
            },
            "3": {
                "num_atoms": 0,
                "total_coverage": 0,
                "coverage_counts": [],
                "was_inspected": true,
                "precompute_time": 11.052764654159546
            },
            "4": {
                "num_atoms": 1,
                "total_coverage": 1,
                "coverage_counts": [
                    1
                ],
                "was_inspected": true,
                "precompute_time": 19.61221957206726
            },
            "5": {
                "num_atoms": 2,
                "total_coverage": 2,
                "coverage_counts": [
                    1,
                    1
                ],
                "was_inspected": true,
                "precompute_time": 12.089093446731567
            },
            "6": {
                "num_atoms": 0,
                "total_coverage": 0,
                "coverage_counts": [],
                "was_inspected": true,
                "precompute_time": 6.450609922409058
            },
            "7": {
                "num_atoms": 1,
                "total_coverage": 1,
                "coverage_counts": [
                    1
                ],
                "was_inspected": true,
                "precompute_time": 15.396818399429321
            },
            "8": {
                "num_atoms": 0,
                "total_coverage": 0,
                "coverage_counts": [],
                "was_inspected": true,
                "precompute_time": 11.103693008422852
            },
            "9": {
                "num_atoms": 0,
                "total_coverage": 0,
                "coverage_counts": [],
                "was_inspected": true,
                "precompute_time": 17.130992650985718
            }
        },
        "num_envs_activated": 5
    }
}